model,training_setup,test_representation,class_name,accuracy,precision,recall,f1_score
ResNet-50,Train_Original,Original,car,0.9833,1.0,0.9833,0.9916
ResNet-50,Train_Original,Original,cat,0.9667,1.0,0.9667,0.9831
ResNet-50,Train_Original,Original,chair,1.0,1.0,1.0,1.0
ResNet-50,Train_Original,Original,circle,1.0,0.9836,1.0,0.9917
ResNet-50,Train_Original,Original,cup,1.0,0.9836,1.0,0.9917
ResNet-50,Train_Original,Original,dog,0.9833,0.9672,0.9833,0.9752
ResNet-50,Train_Original,Original,rectangle,0.9833,1.0,0.9833,0.9916
ResNet-50,Train_Original,Original,square,1.0,0.9836,1.0,0.9917
ResNet-50,Train_Original,Original,table,1.0,1.0,1.0,1.0
ResNet-50,Train_Original,Original,triangle,1.0,1.0,1.0,1.0
ResNet-50,Train_Original,Outline,car,0.4333,1.0,0.4333,0.6047
ResNet-50,Train_Original,Outline,cat,0.5833,0.5556,0.5833,0.5691
ResNet-50,Train_Original,Outline,chair,1.0,0.9375,1.0,0.9677
ResNet-50,Train_Original,Outline,circle,0.8667,0.9811,0.8667,0.9204
ResNet-50,Train_Original,Outline,cup,0.6667,0.3604,0.6667,0.4678
ResNet-50,Train_Original,Outline,dog,0.3167,0.7917,0.3167,0.4524
ResNet-50,Train_Original,Outline,rectangle,0.9667,0.6744,0.9667,0.7945
ResNet-50,Train_Original,Outline,square,0.8667,0.8525,0.8667,0.8595
ResNet-50,Train_Original,Outline,table,0.9833,0.9833,0.9833,0.9833
ResNet-50,Train_Original,Outline,triangle,0.85,0.9808,0.85,0.9107
ResNet-50,Train_Original,Dotted,car,0.5667,1.0,0.5667,0.7234
ResNet-50,Train_Original,Dotted,cat,0.35,0.525,0.35,0.42
ResNet-50,Train_Original,Dotted,chair,1.0,0.7792,1.0,0.8759
ResNet-50,Train_Original,Dotted,circle,0.8667,0.963,0.8667,0.9123
ResNet-50,Train_Original,Dotted,cup,0.7,0.3889,0.7,0.5
ResNet-50,Train_Original,Dotted,dog,0.3667,0.5238,0.3667,0.4314
ResNet-50,Train_Original,Dotted,rectangle,0.6833,0.6212,0.6833,0.6508
ResNet-50,Train_Original,Dotted,square,0.75,0.8333,0.75,0.7895
ResNet-50,Train_Original,Dotted,table,0.85,0.9623,0.85,0.9027
ResNet-50,Train_Original,Dotted,triangle,0.85,0.7083,0.85,0.7727
ResNet-50,Train_Original,Dashed,car,0.3667,1.0,0.3667,0.5366
ResNet-50,Train_Original,Dashed,cat,0.5833,0.5833,0.5833,0.5833
ResNet-50,Train_Original,Dashed,chair,0.9833,0.9365,0.9833,0.9593
ResNet-50,Train_Original,Dashed,circle,0.8667,0.963,0.8667,0.9123
ResNet-50,Train_Original,Dashed,cup,0.6833,0.3504,0.6833,0.4633
ResNet-50,Train_Original,Dashed,dog,0.3667,0.88,0.3667,0.5176
ResNet-50,Train_Original,Dashed,rectangle,0.8833,0.6709,0.8833,0.7626
ResNet-50,Train_Original,Dashed,square,0.8667,0.7647,0.8667,0.8125
ResNet-50,Train_Original,Dashed,table,0.9667,0.9831,0.9667,0.9748
ResNet-50,Train_Original,Dashed,triangle,0.85,0.9623,0.85,0.9027
ResNet-50,Train_Original,Sketch,car,0.7667,0.9787,0.7667,0.8598
ResNet-50,Train_Original,Sketch,cat,0.75,0.7377,0.75,0.7438
ResNet-50,Train_Original,Sketch,chair,0.8833,1.0,0.8833,0.9381
ResNet-50,Train_Original,Sketch,circle,1.0,0.6061,1.0,0.7547
ResNet-50,Train_Original,Sketch,cup,0.85,0.7391,0.85,0.7907
ResNet-50,Train_Original,Sketch,dog,0.7833,0.6912,0.7833,0.7344
ResNet-50,Train_Original,Sketch,rectangle,0.3667,0.6471,0.3667,0.4681
ResNet-50,Train_Original,Sketch,square,0.3,0.5294,0.3,0.383
ResNet-50,Train_Original,Sketch,table,0.9833,0.9365,0.9833,0.9593
ResNet-50,Train_Original,Sketch,triangle,1.0,0.8333,1.0,0.9091
ResNet-50,Train_Original,Silhouette,car,0.7167,1.0,0.7167,0.835
ResNet-50,Train_Original,Silhouette,cat,0.5333,0.5079,0.5333,0.5203
ResNet-50,Train_Original,Silhouette,chair,1.0,0.8108,1.0,0.8955
ResNet-50,Train_Original,Silhouette,circle,1.0,0.9677,1.0,0.9836
ResNet-50,Train_Original,Silhouette,cup,0.5667,0.5763,0.5667,0.5714
ResNet-50,Train_Original,Silhouette,dog,0.5833,0.5469,0.5833,0.5645
ResNet-50,Train_Original,Silhouette,rectangle,0.9833,0.9833,0.9833,0.9833
ResNet-50,Train_Original,Silhouette,square,1.0,0.9836,1.0,0.9917
ResNet-50,Train_Original,Silhouette,table,0.75,0.9574,0.75,0.8411
ResNet-50,Train_Original,Silhouette,triangle,1.0,0.8955,1.0,0.9449
ResNet-50,Train_Original,ColorTint_Red,car,0.9667,1.0,0.9667,0.9831
ResNet-50,Train_Original,ColorTint_Red,cat,0.9833,1.0,0.9833,0.9916
ResNet-50,Train_Original,ColorTint_Red,chair,0.9833,1.0,0.9833,0.9916
ResNet-50,Train_Original,ColorTint_Red,circle,1.0,0.9836,1.0,0.9917
ResNet-50,Train_Original,ColorTint_Red,cup,1.0,0.9375,1.0,0.9677
ResNet-50,Train_Original,ColorTint_Red,dog,0.9833,1.0,0.9833,0.9916
ResNet-50,Train_Original,ColorTint_Red,rectangle,1.0,1.0,1.0,1.0
ResNet-50,Train_Original,ColorTint_Red,square,1.0,1.0,1.0,1.0
ResNet-50,Train_Original,ColorTint_Red,table,1.0,1.0,1.0,1.0
ResNet-50,Train_Original,ColorTint_Red,triangle,1.0,1.0,1.0,1.0
ResNet-50,Train_Original,ColorTint_Green,car,0.9667,1.0,0.9667,0.9831
ResNet-50,Train_Original,ColorTint_Green,cat,0.9833,0.9833,0.9833,0.9833
ResNet-50,Train_Original,ColorTint_Green,chair,0.9833,1.0,0.9833,0.9916
ResNet-50,Train_Original,ColorTint_Green,circle,1.0,0.9836,1.0,0.9917
ResNet-50,Train_Original,ColorTint_Green,cup,0.9833,0.9365,0.9833,0.9593
ResNet-50,Train_Original,ColorTint_Green,dog,0.9667,0.9831,0.9667,0.9748
ResNet-50,Train_Original,ColorTint_Green,rectangle,1.0,1.0,1.0,1.0
ResNet-50,Train_Original,ColorTint_Green,square,1.0,1.0,1.0,1.0
ResNet-50,Train_Original,ColorTint_Green,table,1.0,1.0,1.0,1.0
ResNet-50,Train_Original,ColorTint_Green,triangle,1.0,1.0,1.0,1.0
ResNet-50,Train_Original,ColorTint_Blue,car,0.9833,1.0,0.9833,0.9916
ResNet-50,Train_Original,ColorTint_Blue,cat,0.9833,1.0,0.9833,0.9916
ResNet-50,Train_Original,ColorTint_Blue,chair,1.0,1.0,1.0,1.0
ResNet-50,Train_Original,ColorTint_Blue,circle,1.0,0.9836,1.0,0.9917
ResNet-50,Train_Original,ColorTint_Blue,cup,0.95,0.95,0.95,0.95
ResNet-50,Train_Original,ColorTint_Blue,dog,0.9667,0.9508,0.9667,0.9587
ResNet-50,Train_Original,ColorTint_Blue,rectangle,0.9167,1.0,0.9167,0.9565
ResNet-50,Train_Original,ColorTint_Blue,square,1.0,0.9231,1.0,0.96
ResNet-50,Train_Original,ColorTint_Blue,table,1.0,1.0,1.0,1.0
ResNet-50,Train_Original,ColorTint_Blue,triangle,1.0,1.0,1.0,1.0
ResNet-50,Train_Outline,Original,car,0.0,0.0,0.0,0.0
ResNet-50,Train_Outline,Original,cat,0.1,0.1364,0.1,0.1154
ResNet-50,Train_Outline,Original,chair,0.0,0.0,0.0,0.0
ResNet-50,Train_Outline,Original,circle,0.0,0.0,0.0,0.0
ResNet-50,Train_Outline,Original,cup,0.2833,0.0966,0.2833,0.1441
ResNet-50,Train_Outline,Original,dog,0.3833,0.1257,0.3833,0.1893
ResNet-50,Train_Outline,Original,rectangle,0.0,0.0,0.0,0.0
ResNet-50,Train_Outline,Original,square,0.0,0.0,0.0,0.0
ResNet-50,Train_Outline,Original,table,0.3167,0.2111,0.3167,0.2533
ResNet-50,Train_Outline,Original,triangle,0.0167,0.04,0.0167,0.0235
ResNet-50,Train_Outline,Outline,car,0.95,1.0,0.95,0.9744
ResNet-50,Train_Outline,Outline,cat,0.8333,0.9259,0.8333,0.8772
ResNet-50,Train_Outline,Outline,chair,1.0,1.0,1.0,1.0
ResNet-50,Train_Outline,Outline,circle,0.8667,0.9811,0.8667,0.9204
ResNet-50,Train_Outline,Outline,cup,1.0,0.9524,1.0,0.9756
ResNet-50,Train_Outline,Outline,dog,0.9333,0.8615,0.9333,0.896
ResNet-50,Train_Outline,Outline,rectangle,0.8333,1.0,0.8333,0.9091
ResNet-50,Train_Outline,Outline,square,1.0,0.6897,1.0,0.8163
ResNet-50,Train_Outline,Outline,table,1.0,1.0,1.0,1.0
ResNet-50,Train_Outline,Outline,triangle,0.85,1.0,0.85,0.9189
ResNet-50,Train_Outline,Dotted,car,0.9167,0.8594,0.9167,0.8871
ResNet-50,Train_Outline,Dotted,cat,0.5667,0.4722,0.5667,0.5152
ResNet-50,Train_Outline,Dotted,chair,0.6,0.9,0.6,0.72
ResNet-50,Train_Outline,Dotted,circle,0.0167,0.5,0.0167,0.0323
ResNet-50,Train_Outline,Dotted,cup,0.9333,0.2267,0.9333,0.3648
ResNet-50,Train_Outline,Dotted,dog,0.5833,0.6604,0.5833,0.6195
ResNet-50,Train_Outline,Dotted,rectangle,0.1333,0.7273,0.1333,0.2254
ResNet-50,Train_Outline,Dotted,square,0.2167,0.325,0.2167,0.26
ResNet-50,Train_Outline,Dotted,table,0.7333,0.6471,0.7333,0.6875
ResNet-50,Train_Outline,Dotted,triangle,0.0167,0.3333,0.0167,0.0317
ResNet-50,Train_Outline,Dashed,car,0.9333,0.9825,0.9333,0.9573
ResNet-50,Train_Outline,Dashed,cat,0.7833,0.9216,0.7833,0.8468
ResNet-50,Train_Outline,Dashed,chair,0.9667,1.0,0.9667,0.9831
ResNet-50,Train_Outline,Dashed,circle,0.8667,0.9811,0.8667,0.9204
ResNet-50,Train_Outline,Dashed,cup,1.0,0.9231,1.0,0.96
ResNet-50,Train_Outline,Dashed,dog,0.9333,0.8358,0.9333,0.8819
ResNet-50,Train_Outline,Dashed,rectangle,0.8333,1.0,0.8333,0.9091
ResNet-50,Train_Outline,Dashed,square,1.0,0.6897,1.0,0.8163
ResNet-50,Train_Outline,Dashed,table,1.0,0.9836,1.0,0.9917
ResNet-50,Train_Outline,Dashed,triangle,0.85,1.0,0.85,0.9189
ResNet-50,Train_Outline,Sketch,car,0.8333,0.3759,0.8333,0.5181
ResNet-50,Train_Outline,Sketch,cat,0.1,0.2,0.1,0.1333
ResNet-50,Train_Outline,Sketch,chair,0.3833,0.92,0.3833,0.5412
ResNet-50,Train_Outline,Sketch,circle,0.8833,0.9636,0.8833,0.9217
ResNet-50,Train_Outline,Sketch,cup,0.6333,0.1872,0.6333,0.289
ResNet-50,Train_Outline,Sketch,dog,0.3,0.4091,0.3,0.3462
ResNet-50,Train_Outline,Sketch,rectangle,0.0333,0.25,0.0333,0.0588
ResNet-50,Train_Outline,Sketch,square,0.1167,0.4667,0.1167,0.1867
ResNet-50,Train_Outline,Sketch,table,0.4667,0.6829,0.4667,0.5545
ResNet-50,Train_Outline,Sketch,triangle,0.6833,0.8913,0.6833,0.7736
ResNet-50,Train_Outline,Silhouette,car,0.0,0.0,0.0,0.0
ResNet-50,Train_Outline,Silhouette,cat,0.9167,0.1259,0.9167,0.2213
ResNet-50,Train_Outline,Silhouette,chair,0.0,0.0,0.0,0.0
ResNet-50,Train_Outline,Silhouette,circle,0.0,0.0,0.0,0.0
ResNet-50,Train_Outline,Silhouette,cup,0.0833,0.049,0.0833,0.0617
ResNet-50,Train_Outline,Silhouette,dog,0.0,0.0,0.0,0.0
ResNet-50,Train_Outline,Silhouette,rectangle,0.0,0.0,0.0,0.0
ResNet-50,Train_Outline,Silhouette,square,0.0,0.0,0.0,0.0
ResNet-50,Train_Outline,Silhouette,table,0.0,0.0,0.0,0.0
ResNet-50,Train_Outline,Silhouette,triangle,0.0,0.0,0.0,0.0
ResNet-50,Train_Outline,ColorTint_Red,car,0.0,0.0,0.0,0.0
ResNet-50,Train_Outline,ColorTint_Red,cat,0.0,0.0,0.0,0.0
ResNet-50,Train_Outline,ColorTint_Red,chair,0.0,0.0,0.0,0.0
ResNet-50,Train_Outline,ColorTint_Red,circle,0.0,0.0,0.0,0.0
ResNet-50,Train_Outline,ColorTint_Red,cup,0.0,0.0,0.0,0.0
ResNet-50,Train_Outline,ColorTint_Red,dog,0.9167,0.11,0.9167,0.1964
ResNet-50,Train_Outline,ColorTint_Red,rectangle,0.0,0.0,0.0,0.0
ResNet-50,Train_Outline,ColorTint_Red,square,0.0,0.0,0.0,0.0
ResNet-50,Train_Outline,ColorTint_Red,table,0.0333,0.0435,0.0333,0.0377
ResNet-50,Train_Outline,ColorTint_Red,triangle,0.0333,0.6667,0.0333,0.0635
ResNet-50,Train_Outline,ColorTint_Green,car,0.0,0.0,0.0,0.0
ResNet-50,Train_Outline,ColorTint_Green,cat,0.0167,0.0167,0.0167,0.0167
ResNet-50,Train_Outline,ColorTint_Green,chair,0.0,0.0,0.0,0.0
ResNet-50,Train_Outline,ColorTint_Green,circle,0.0,0.0,0.0,0.0
ResNet-50,Train_Outline,ColorTint_Green,cup,0.2667,0.063,0.2667,0.1019
ResNet-50,Train_Outline,ColorTint_Green,dog,0.3833,0.1503,0.3833,0.216
ResNet-50,Train_Outline,ColorTint_Green,rectangle,0.0,0.0,0.0,0.0
ResNet-50,Train_Outline,ColorTint_Green,square,0.0,0.0,0.0,0.0
ResNet-50,Train_Outline,ColorTint_Green,table,0.0,0.0,0.0,0.0
ResNet-50,Train_Outline,ColorTint_Green,triangle,0.0,0.0,0.0,0.0
ResNet-50,Train_Outline,ColorTint_Blue,car,0.0,0.0,0.0,0.0
ResNet-50,Train_Outline,ColorTint_Blue,cat,0.35,0.236,0.35,0.2819
ResNet-50,Train_Outline,ColorTint_Blue,chair,0.2333,0.0886,0.2333,0.1284
ResNet-50,Train_Outline,ColorTint_Blue,circle,0.0333,0.5,0.0333,0.0625
ResNet-50,Train_Outline,ColorTint_Blue,cup,0.1667,0.0562,0.1667,0.084
ResNet-50,Train_Outline,ColorTint_Blue,dog,0.1167,0.1273,0.1167,0.1217
ResNet-50,Train_Outline,ColorTint_Blue,rectangle,0.0,0.0,0.0,0.0
ResNet-50,Train_Outline,ColorTint_Blue,square,0.0,0.0,0.0,0.0
ResNet-50,Train_Outline,ColorTint_Blue,table,0.2167,0.114,0.2167,0.1494
ResNet-50,Train_Outline,ColorTint_Blue,triangle,0.0,0.0,0.0,0.0
ResNet-50,Train_Dotted,Original,car,0.0167,0.25,0.0167,0.0312
ResNet-50,Train_Dotted,Original,cat,0.0,0.0,0.0,0.0
ResNet-50,Train_Dotted,Original,chair,0.0333,1.0,0.0333,0.0645
ResNet-50,Train_Dotted,Original,circle,0.0833,0.8333,0.0833,0.1515
ResNet-50,Train_Dotted,Original,cup,0.05,0.4286,0.05,0.0896
ResNet-50,Train_Dotted,Original,dog,0.0,0.0,0.0,0.0
ResNet-50,Train_Dotted,Original,rectangle,0.3,0.1395,0.3,0.1905
ResNet-50,Train_Dotted,Original,square,0.05,0.2727,0.05,0.0845
ResNet-50,Train_Dotted,Original,table,0.95,0.131,0.95,0.2303
ResNet-50,Train_Dotted,Original,triangle,0.0,0.0,0.0,0.0
ResNet-50,Train_Dotted,Outline,car,0.95,0.4672,0.95,0.6264
ResNet-50,Train_Dotted,Outline,cat,0.3833,1.0,0.3833,0.5542
ResNet-50,Train_Dotted,Outline,chair,0.7167,1.0,0.7167,0.835
ResNet-50,Train_Dotted,Outline,circle,0.8667,0.963,0.8667,0.9123
ResNet-50,Train_Dotted,Outline,cup,0.8,0.64,0.8,0.7111
ResNet-50,Train_Dotted,Outline,dog,0.5833,0.7143,0.5833,0.6422
ResNet-50,Train_Dotted,Outline,rectangle,0.8833,0.6625,0.8833,0.7571
ResNet-50,Train_Dotted,Outline,square,0.8667,0.8814,0.8667,0.8739
ResNet-50,Train_Dotted,Outline,table,0.7333,1.0,0.7333,0.8462
ResNet-50,Train_Dotted,Outline,triangle,0.85,1.0,0.85,0.9189
ResNet-50,Train_Dotted,Dotted,car,0.9667,1.0,0.9667,0.9831
ResNet-50,Train_Dotted,Dotted,cat,0.7667,0.8679,0.7667,0.8142
ResNet-50,Train_Dotted,Dotted,chair,1.0,1.0,1.0,1.0
ResNet-50,Train_Dotted,Dotted,circle,0.8667,0.963,0.8667,0.9123
ResNet-50,Train_Dotted,Dotted,cup,0.9667,0.9508,0.9667,0.9587
ResNet-50,Train_Dotted,Dotted,dog,0.8833,0.8154,0.8833,0.848
ResNet-50,Train_Dotted,Dotted,rectangle,0.8833,0.6795,0.8833,0.7681
ResNet-50,Train_Dotted,Dotted,square,0.8667,0.8814,0.8667,0.8739
ResNet-50,Train_Dotted,Dotted,table,1.0,0.9836,1.0,0.9917
ResNet-50,Train_Dotted,Dotted,triangle,0.85,1.0,0.85,0.9189
ResNet-50,Train_Dotted,Dashed,car,0.9,0.5094,0.9,0.6506
ResNet-50,Train_Dotted,Dashed,cat,0.2,1.0,0.2,0.3333
ResNet-50,Train_Dotted,Dashed,chair,0.5667,1.0,0.5667,0.7234
ResNet-50,Train_Dotted,Dashed,circle,0.8667,0.963,0.8667,0.9123
ResNet-50,Train_Dotted,Dashed,cup,0.8667,0.4194,0.8667,0.5652
ResNet-50,Train_Dotted,Dashed,dog,0.35,0.6364,0.35,0.4516
ResNet-50,Train_Dotted,Dashed,rectangle,0.8833,0.6625,0.8833,0.7571
ResNet-50,Train_Dotted,Dashed,square,0.8667,0.8814,0.8667,0.8739
ResNet-50,Train_Dotted,Dashed,table,0.7833,1.0,0.7833,0.8785
ResNet-50,Train_Dotted,Dashed,triangle,0.85,1.0,0.85,0.9189
ResNet-50,Train_Dotted,Sketch,car,0.6,0.8,0.6,0.6857
ResNet-50,Train_Dotted,Sketch,cat,0.2,0.6667,0.2,0.3077
ResNet-50,Train_Dotted,Sketch,chair,0.6167,0.9737,0.6167,0.7551
ResNet-50,Train_Dotted,Sketch,circle,0.9333,0.9825,0.9333,0.9573
ResNet-50,Train_Dotted,Sketch,cup,0.6667,0.2105,0.6667,0.32
ResNet-50,Train_Dotted,Sketch,dog,0.1333,0.8889,0.1333,0.2319
ResNet-50,Train_Dotted,Sketch,rectangle,0.1833,0.2895,0.1833,0.2245
ResNet-50,Train_Dotted,Sketch,square,0.0,0.0,0.0,0.0
ResNet-50,Train_Dotted,Sketch,table,0.85,0.3377,0.85,0.4834
ResNet-50,Train_Dotted,Sketch,triangle,0.9,1.0,0.9,0.9474
ResNet-50,Train_Dotted,Silhouette,car,0.0,0.0,0.0,0.0
ResNet-50,Train_Dotted,Silhouette,cat,0.05,0.375,0.05,0.0882
ResNet-50,Train_Dotted,Silhouette,chair,0.0167,1.0,0.0167,0.0328
ResNet-50,Train_Dotted,Silhouette,circle,0.0,0.0,0.0,0.0
ResNet-50,Train_Dotted,Silhouette,cup,0.0333,0.5,0.0333,0.0625
ResNet-50,Train_Dotted,Silhouette,dog,0.0,0.0,0.0,0.0
ResNet-50,Train_Dotted,Silhouette,rectangle,0.15,0.0652,0.15,0.0909
ResNet-50,Train_Dotted,Silhouette,square,0.0,0.0,0.0,0.0
ResNet-50,Train_Dotted,Silhouette,table,0.8667,0.1161,0.8667,0.2047
ResNet-50,Train_Dotted,Silhouette,triangle,0.0,0.0,0.0,0.0
ResNet-50,Train_Dotted,ColorTint_Red,car,0.0,0.0,0.0,0.0
ResNet-50,Train_Dotted,ColorTint_Red,cat,0.05,0.1429,0.05,0.0741
ResNet-50,Train_Dotted,ColorTint_Red,chair,0.0167,1.0,0.0167,0.0328
ResNet-50,Train_Dotted,ColorTint_Red,circle,0.05,0.75,0.05,0.0938
ResNet-50,Train_Dotted,ColorTint_Red,cup,0.0,0.0,0.0,0.0
ResNet-50,Train_Dotted,ColorTint_Red,dog,0.0,0.0,0.0,0.0
ResNet-50,Train_Dotted,ColorTint_Red,rectangle,0.1333,0.1455,0.1333,0.1391
ResNet-50,Train_Dotted,ColorTint_Red,square,0.3333,0.274,0.3333,0.3008
ResNet-50,Train_Dotted,ColorTint_Red,table,0.9333,0.1258,0.9333,0.2218
ResNet-50,Train_Dotted,ColorTint_Red,triangle,0.0,0.0,0.0,0.0
ResNet-50,Train_Dotted,ColorTint_Green,car,0.0,0.0,0.0,0.0
ResNet-50,Train_Dotted,ColorTint_Green,cat,0.0167,1.0,0.0167,0.0328
ResNet-50,Train_Dotted,ColorTint_Green,chair,0.0,0.0,0.0,0.0
ResNet-50,Train_Dotted,ColorTint_Green,circle,0.0,0.0,0.0,0.0
ResNet-50,Train_Dotted,ColorTint_Green,cup,0.0,0.0,0.0,0.0
ResNet-50,Train_Dotted,ColorTint_Green,dog,0.0,0.0,0.0,0.0
ResNet-50,Train_Dotted,ColorTint_Green,rectangle,0.2667,0.1429,0.2667,0.186
ResNet-50,Train_Dotted,ColorTint_Green,square,0.0,0.0,0.0,0.0
ResNet-50,Train_Dotted,ColorTint_Green,table,1.0,0.1232,1.0,0.2194
ResNet-50,Train_Dotted,ColorTint_Green,triangle,0.0,0.0,0.0,0.0
ResNet-50,Train_Dotted,ColorTint_Blue,car,0.0,0.0,0.0,0.0
ResNet-50,Train_Dotted,ColorTint_Blue,cat,0.0,0.0,0.0,0.0
ResNet-50,Train_Dotted,ColorTint_Blue,chair,0.0,0.0,0.0,0.0
ResNet-50,Train_Dotted,ColorTint_Blue,circle,0.0,0.0,0.0,0.0
ResNet-50,Train_Dotted,ColorTint_Blue,cup,0.0,0.0,0.0,0.0
ResNet-50,Train_Dotted,ColorTint_Blue,dog,0.0,0.0,0.0,0.0
ResNet-50,Train_Dotted,ColorTint_Blue,rectangle,0.05,0.1111,0.05,0.069
ResNet-50,Train_Dotted,ColorTint_Blue,square,0.0,0.0,0.0,0.0
ResNet-50,Train_Dotted,ColorTint_Blue,table,0.95,0.0997,0.95,0.1804
ResNet-50,Train_Dotted,ColorTint_Blue,triangle,0.0,0.0,0.0,0.0
ResNet-50,Train_Dashed,Original,car,0.0,0.0,0.0,0.0
ResNet-50,Train_Dashed,Original,cat,0.2167,0.0788,0.2167,0.1156
ResNet-50,Train_Dashed,Original,chair,0.0,0.0,0.0,0.0
ResNet-50,Train_Dashed,Original,circle,0.0,0.0,0.0,0.0
ResNet-50,Train_Dashed,Original,cup,0.6667,0.119,0.6667,0.202
ResNet-50,Train_Dashed,Original,dog,0.0,0.0,0.0,0.0
ResNet-50,Train_Dashed,Original,rectangle,0.0333,0.25,0.0333,0.0588
ResNet-50,Train_Dashed,Original,square,0.15,0.2368,0.15,0.1837
ResNet-50,Train_Dashed,Original,table,0.0,0.0,0.0,0.0
ResNet-50,Train_Dashed,Original,triangle,0.0167,0.2,0.0167,0.0308
ResNet-50,Train_Dashed,Outline,car,0.95,1.0,0.95,0.9744
ResNet-50,Train_Dashed,Outline,cat,0.9167,0.8333,0.9167,0.873
ResNet-50,Train_Dashed,Outline,chair,1.0,1.0,1.0,1.0
ResNet-50,Train_Dashed,Outline,circle,0.8667,0.9811,0.8667,0.9204
ResNet-50,Train_Dashed,Outline,cup,1.0,0.9524,1.0,0.9756
ResNet-50,Train_Dashed,Outline,dog,0.8167,0.9245,0.8167,0.8673
ResNet-50,Train_Dashed,Outline,rectangle,0.8333,1.0,0.8333,0.9091
ResNet-50,Train_Dashed,Outline,square,1.0,0.6897,1.0,0.8163
ResNet-50,Train_Dashed,Outline,table,1.0,1.0,1.0,1.0
ResNet-50,Train_Dashed,Outline,triangle,0.85,1.0,0.85,0.9189
ResNet-50,Train_Dashed,Dotted,car,0.5333,1.0,0.5333,0.6957
ResNet-50,Train_Dashed,Dotted,cat,0.4667,0.35,0.4667,0.4
ResNet-50,Train_Dashed,Dotted,chair,0.15,0.8182,0.15,0.2535
ResNet-50,Train_Dashed,Dotted,circle,0.0,0.0,0.0,0.0
ResNet-50,Train_Dashed,Dotted,cup,0.9167,0.1382,0.9167,0.2402
ResNet-50,Train_Dashed,Dotted,dog,0.2,0.48,0.2,0.2824
ResNet-50,Train_Dashed,Dotted,rectangle,0.0333,1.0,0.0333,0.0645
ResNet-50,Train_Dashed,Dotted,square,0.1333,0.2286,0.1333,0.1684
ResNet-50,Train_Dashed,Dotted,table,0.25,1.0,0.25,0.4
ResNet-50,Train_Dashed,Dotted,triangle,0.0,0.0,0.0,0.0
ResNet-50,Train_Dashed,Dashed,car,0.9333,1.0,0.9333,0.9655
ResNet-50,Train_Dashed,Dashed,cat,0.9333,0.8485,0.9333,0.8889
ResNet-50,Train_Dashed,Dashed,chair,1.0,1.0,1.0,1.0
ResNet-50,Train_Dashed,Dashed,circle,0.8667,0.9811,0.8667,0.9204
ResNet-50,Train_Dashed,Dashed,cup,1.0,0.9375,1.0,0.9677
ResNet-50,Train_Dashed,Dashed,dog,0.8333,0.9434,0.8333,0.885
ResNet-50,Train_Dashed,Dashed,rectangle,0.8333,1.0,0.8333,0.9091
ResNet-50,Train_Dashed,Dashed,square,1.0,0.6897,1.0,0.8163
ResNet-50,Train_Dashed,Dashed,table,1.0,1.0,1.0,1.0
ResNet-50,Train_Dashed,Dashed,triangle,0.85,1.0,0.85,0.9189
ResNet-50,Train_Dashed,Sketch,car,0.1667,1.0,0.1667,0.2857
ResNet-50,Train_Dashed,Sketch,cat,0.05,0.0732,0.05,0.0594
ResNet-50,Train_Dashed,Sketch,chair,0.0,0.0,0.0,0.0
ResNet-50,Train_Dashed,Sketch,circle,0.4833,0.9355,0.4833,0.6374
ResNet-50,Train_Dashed,Sketch,cup,0.8667,0.1185,0.8667,0.2084
ResNet-50,Train_Dashed,Sketch,dog,0.0,0.0,0.0,0.0
ResNet-50,Train_Dashed,Sketch,rectangle,0.05,0.5,0.05,0.0909
ResNet-50,Train_Dashed,Sketch,square,0.1167,0.4667,0.1167,0.1867
ResNet-50,Train_Dashed,Sketch,table,0.0833,0.5556,0.0833,0.1449
ResNet-50,Train_Dashed,Sketch,triangle,0.4333,0.5909,0.4333,0.5
ResNet-50,Train_Dashed,Silhouette,car,0.0,0.0,0.0,0.0
ResNet-50,Train_Dashed,Silhouette,cat,0.2333,0.1522,0.2333,0.1842
ResNet-50,Train_Dashed,Silhouette,chair,0.0,0.0,0.0,0.0
ResNet-50,Train_Dashed,Silhouette,circle,0.0,0.0,0.0,0.0
ResNet-50,Train_Dashed,Silhouette,cup,0.85,0.1004,0.85,0.1796
ResNet-50,Train_Dashed,Silhouette,dog,0.0,0.0,0.0,0.0
ResNet-50,Train_Dashed,Silhouette,rectangle,0.0,0.0,0.0,0.0
ResNet-50,Train_Dashed,Silhouette,square,0.0,0.0,0.0,0.0
ResNet-50,Train_Dashed,Silhouette,table,0.0,0.0,0.0,0.0
ResNet-50,Train_Dashed,Silhouette,triangle,0.0,0.0,0.0,0.0
ResNet-50,Train_Dashed,ColorTint_Red,car,0.0,0.0,0.0,0.0
ResNet-50,Train_Dashed,ColorTint_Red,cat,0.25,0.0867,0.25,0.1288
ResNet-50,Train_Dashed,ColorTint_Red,chair,0.0,0.0,0.0,0.0
ResNet-50,Train_Dashed,ColorTint_Red,circle,0.0,0.0,0.0,0.0
ResNet-50,Train_Dashed,ColorTint_Red,cup,0.45,0.0808,0.45,0.1371
ResNet-50,Train_Dashed,ColorTint_Red,dog,0.1167,0.1207,0.1167,0.1186
ResNet-50,Train_Dashed,ColorTint_Red,rectangle,0.0,0.0,0.0,0.0
ResNet-50,Train_Dashed,ColorTint_Red,square,0.0167,0.04,0.0167,0.0235
ResNet-50,Train_Dashed,ColorTint_Red,table,0.0,0.0,0.0,0.0
ResNet-50,Train_Dashed,ColorTint_Red,triangle,0.0,0.0,0.0,0.0
ResNet-50,Train_Dashed,ColorTint_Green,car,0.0,0.0,0.0,0.0
ResNet-50,Train_Dashed,ColorTint_Green,cat,0.4833,0.07,0.4833,0.1224
ResNet-50,Train_Dashed,ColorTint_Green,chair,0.0,0.0,0.0,0.0
ResNet-50,Train_Dashed,ColorTint_Green,circle,0.0,0.0,0.0,0.0
ResNet-50,Train_Dashed,ColorTint_Green,cup,0.2333,0.0819,0.2333,0.1212
ResNet-50,Train_Dashed,ColorTint_Green,dog,0.0,0.0,0.0,0.0
ResNet-50,Train_Dashed,ColorTint_Green,rectangle,0.0333,0.2222,0.0333,0.058
ResNet-50,Train_Dashed,ColorTint_Green,square,0.0,0.0,0.0,0.0
ResNet-50,Train_Dashed,ColorTint_Green,table,0.0,0.0,0.0,0.0
ResNet-50,Train_Dashed,ColorTint_Green,triangle,0.0,0.0,0.0,0.0
ResNet-50,Train_Dashed,ColorTint_Blue,car,0.0,0.0,0.0,0.0
ResNet-50,Train_Dashed,ColorTint_Blue,cat,0.35,0.1077,0.35,0.1647
ResNet-50,Train_Dashed,ColorTint_Blue,chair,0.0,0.0,0.0,0.0
ResNet-50,Train_Dashed,ColorTint_Blue,circle,0.0,0.0,0.0,0.0
ResNet-50,Train_Dashed,ColorTint_Blue,cup,0.65,0.0963,0.65,0.1677
ResNet-50,Train_Dashed,ColorTint_Blue,dog,0.0,0.0,0.0,0.0
ResNet-50,Train_Dashed,ColorTint_Blue,rectangle,0.0,0.0,0.0,0.0
ResNet-50,Train_Dashed,ColorTint_Blue,square,0.0,0.0,0.0,0.0
ResNet-50,Train_Dashed,ColorTint_Blue,table,0.0,0.0,0.0,0.0
ResNet-50,Train_Dashed,ColorTint_Blue,triangle,0.0,0.0,0.0,0.0
ResNet-50,Train_Sketch,Original,car,0.4167,0.2976,0.4167,0.3472
ResNet-50,Train_Sketch,Original,cat,0.1,0.4615,0.1,0.1644
ResNet-50,Train_Sketch,Original,chair,0.15,0.375,0.15,0.2143
ResNet-50,Train_Sketch,Original,circle,0.1,1.0,0.1,0.1818
ResNet-50,Train_Sketch,Original,cup,0.4667,0.0982,0.4667,0.1623
ResNet-50,Train_Sketch,Original,dog,0.2,0.48,0.2,0.2824
ResNet-50,Train_Sketch,Original,rectangle,0.0,0.0,0.0,0.0
ResNet-50,Train_Sketch,Original,square,0.0,0.0,0.0,0.0
ResNet-50,Train_Sketch,Original,table,0.7333,0.3826,0.7333,0.5029
ResNet-50,Train_Sketch,Original,triangle,0.1833,0.234,0.1833,0.2056
ResNet-50,Train_Sketch,Outline,car,0.9,0.9474,0.9,0.9231
ResNet-50,Train_Sketch,Outline,cat,0.65,0.8864,0.65,0.75
ResNet-50,Train_Sketch,Outline,chair,1.0,0.9677,1.0,0.9836
ResNet-50,Train_Sketch,Outline,circle,0.8667,0.963,0.8667,0.9123
ResNet-50,Train_Sketch,Outline,cup,0.9333,0.549,0.9333,0.6914
ResNet-50,Train_Sketch,Outline,dog,0.3833,0.7419,0.3833,0.5055
ResNet-50,Train_Sketch,Outline,rectangle,0.8667,0.4815,0.8667,0.619
ResNet-50,Train_Sketch,Outline,square,0.0,0.0,0.0,0.0
ResNet-50,Train_Sketch,Outline,table,0.9667,1.0,0.9667,0.9831
ResNet-50,Train_Sketch,Outline,triangle,0.85,0.6071,0.85,0.7083
ResNet-50,Train_Sketch,Dotted,car,0.95,0.9344,0.95,0.9421
ResNet-50,Train_Sketch,Dotted,cat,0.55,0.66,0.55,0.6
ResNet-50,Train_Sketch,Dotted,chair,0.9833,0.9672,0.9833,0.9752
ResNet-50,Train_Sketch,Dotted,circle,0.8667,0.7429,0.8667,0.8
ResNet-50,Train_Sketch,Dotted,cup,0.7167,0.8776,0.7167,0.789
ResNet-50,Train_Sketch,Dotted,dog,0.6167,0.6607,0.6167,0.6379
ResNet-50,Train_Sketch,Dotted,rectangle,0.1667,0.2564,0.1667,0.202
ResNet-50,Train_Sketch,Dotted,square,0.0,0.0,0.0,0.0
ResNet-50,Train_Sketch,Dotted,table,0.9333,1.0,0.9333,0.9655
ResNet-50,Train_Sketch,Dotted,triangle,0.85,0.3228,0.85,0.4679
ResNet-50,Train_Sketch,Dashed,car,0.9,0.9818,0.9,0.9391
ResNet-50,Train_Sketch,Dashed,cat,0.5333,0.8421,0.5333,0.6531
ResNet-50,Train_Sketch,Dashed,chair,0.9833,0.9833,0.9833,0.9833
ResNet-50,Train_Sketch,Dashed,circle,0.8667,0.963,0.8667,0.9123
ResNet-50,Train_Sketch,Dashed,cup,0.9333,0.5138,0.9333,0.6627
ResNet-50,Train_Sketch,Dashed,dog,0.3833,0.7188,0.3833,0.5
ResNet-50,Train_Sketch,Dashed,rectangle,0.7333,0.4681,0.7333,0.5714
ResNet-50,Train_Sketch,Dashed,square,0.0,0.0,0.0,0.0
ResNet-50,Train_Sketch,Dashed,table,0.9833,1.0,0.9833,0.9916
ResNet-50,Train_Sketch,Dashed,triangle,0.85,0.5152,0.85,0.6415
ResNet-50,Train_Sketch,Sketch,car,0.9833,1.0,0.9833,0.9916
ResNet-50,Train_Sketch,Sketch,cat,0.95,0.8636,0.95,0.9048
ResNet-50,Train_Sketch,Sketch,chair,0.9833,1.0,0.9833,0.9916
ResNet-50,Train_Sketch,Sketch,circle,1.0,0.9677,1.0,0.9836
ResNet-50,Train_Sketch,Sketch,cup,0.9333,0.9492,0.9333,0.9412
ResNet-50,Train_Sketch,Sketch,dog,0.85,0.9273,0.85,0.887
ResNet-50,Train_Sketch,Sketch,rectangle,1.0,0.5128,1.0,0.678
ResNet-50,Train_Sketch,Sketch,square,0.05,1.0,0.05,0.0952
ResNet-50,Train_Sketch,Sketch,table,1.0,0.9836,1.0,0.9917
ResNet-50,Train_Sketch,Sketch,triangle,0.9833,1.0,0.9833,0.9916
ResNet-50,Train_Sketch,Silhouette,car,0.3833,0.2771,0.3833,0.3217
ResNet-50,Train_Sketch,Silhouette,cat,0.0,0.0,0.0,0.0
ResNet-50,Train_Sketch,Silhouette,chair,0.0167,1.0,0.0167,0.0328
ResNet-50,Train_Sketch,Silhouette,circle,0.0,0.0,0.0,0.0
ResNet-50,Train_Sketch,Silhouette,cup,0.7833,0.0911,0.7833,0.1632
ResNet-50,Train_Sketch,Silhouette,dog,0.0,0.0,0.0,0.0
ResNet-50,Train_Sketch,Silhouette,rectangle,0.0,0.0,0.0,0.0
ResNet-50,Train_Sketch,Silhouette,square,0.0,0.0,0.0,0.0
ResNet-50,Train_Sketch,Silhouette,table,0.0,0.0,0.0,0.0
ResNet-50,Train_Sketch,Silhouette,triangle,0.0,0.0,0.0,0.0
ResNet-50,Train_Sketch,ColorTint_Red,car,0.4833,0.1921,0.4833,0.2749
ResNet-50,Train_Sketch,ColorTint_Red,cat,0.0,0.0,0.0,0.0
ResNet-50,Train_Sketch,ColorTint_Red,chair,0.0167,0.04,0.0167,0.0235
ResNet-50,Train_Sketch,ColorTint_Red,circle,0.0,0.0,0.0,0.0
ResNet-50,Train_Sketch,ColorTint_Red,cup,0.1167,0.0245,0.1167,0.0405
ResNet-50,Train_Sketch,ColorTint_Red,dog,0.05,0.2308,0.05,0.0822
ResNet-50,Train_Sketch,ColorTint_Red,rectangle,0.0,0.0,0.0,0.0
ResNet-50,Train_Sketch,ColorTint_Red,square,0.0,0.0,0.0,0.0
ResNet-50,Train_Sketch,ColorTint_Red,table,0.4833,0.2959,0.4833,0.3671
ResNet-50,Train_Sketch,ColorTint_Red,triangle,0.1,0.24,0.1,0.1412
ResNet-50,Train_Sketch,ColorTint_Green,car,0.2333,0.1842,0.2333,0.2059
ResNet-50,Train_Sketch,ColorTint_Green,cat,0.0333,0.4,0.0333,0.0615
ResNet-50,Train_Sketch,ColorTint_Green,chair,0.35,0.1304,0.35,0.19
ResNet-50,Train_Sketch,ColorTint_Green,circle,0.0,0.0,0.0,0.0
ResNet-50,Train_Sketch,ColorTint_Green,cup,0.1333,0.1127,0.1333,0.1221
ResNet-50,Train_Sketch,ColorTint_Green,dog,0.0,0.0,0.0,0.0
ResNet-50,Train_Sketch,ColorTint_Green,rectangle,0.0,0.0,0.0,0.0
ResNet-50,Train_Sketch,ColorTint_Green,square,0.0,0.0,0.0,0.0
ResNet-50,Train_Sketch,ColorTint_Green,table,0.1,0.0779,0.1,0.0876
ResNet-50,Train_Sketch,ColorTint_Green,triangle,0.4667,0.1443,0.4667,0.2205
ResNet-50,Train_Sketch,ColorTint_Blue,car,0.55,0.226,0.55,0.3204
ResNet-50,Train_Sketch,ColorTint_Blue,cat,0.0,0.0,0.0,0.0
ResNet-50,Train_Sketch,ColorTint_Blue,chair,0.0,0.0,0.0,0.0
ResNet-50,Train_Sketch,ColorTint_Blue,circle,0.0,0.0,0.0,0.0
ResNet-50,Train_Sketch,ColorTint_Blue,cup,0.4833,0.064,0.4833,0.1131
ResNet-50,Train_Sketch,ColorTint_Blue,dog,0.0,0.0,0.0,0.0
ResNet-50,Train_Sketch,ColorTint_Blue,rectangle,0.0,0.0,0.0,0.0
ResNet-50,Train_Sketch,ColorTint_Blue,square,0.0,0.0,0.0,0.0
ResNet-50,Train_Sketch,ColorTint_Blue,table,0.0167,1.0,0.0167,0.0328
ResNet-50,Train_Sketch,ColorTint_Blue,triangle,0.0,0.0,0.0,0.0
ResNet-50,Train_Silhouette,Original,car,0.0333,0.5,0.0333,0.0625
ResNet-50,Train_Silhouette,Original,cat,0.1667,1.0,0.1667,0.2857
ResNet-50,Train_Silhouette,Original,chair,0.3167,1.0,0.3167,0.481
ResNet-50,Train_Silhouette,Original,circle,0.0667,1.0,0.0667,0.125
ResNet-50,Train_Silhouette,Original,cup,0.1333,0.2222,0.1333,0.1667
ResNet-50,Train_Silhouette,Original,dog,0.0833,0.625,0.0833,0.1471
ResNet-50,Train_Silhouette,Original,rectangle,0.1333,1.0,0.1333,0.2353
ResNet-50,Train_Silhouette,Original,square,0.1167,1.0,0.1167,0.209
ResNet-50,Train_Silhouette,Original,table,0.9167,0.1107,0.9167,0.1975
ResNet-50,Train_Silhouette,Original,triangle,0.1,0.8571,0.1,0.1791
ResNet-50,Train_Silhouette,Outline,car,0.95,0.4453,0.95,0.6064
ResNet-50,Train_Silhouette,Outline,cat,0.0833,0.5556,0.0833,0.1449
ResNet-50,Train_Silhouette,Outline,chair,0.15,1.0,0.15,0.2609
ResNet-50,Train_Silhouette,Outline,circle,0.3667,1.0,0.3667,0.5366
ResNet-50,Train_Silhouette,Outline,cup,0.75,0.1957,0.75,0.3103
ResNet-50,Train_Silhouette,Outline,dog,0.0,0.0,0.0,0.0
ResNet-50,Train_Silhouette,Outline,rectangle,0.7333,0.6377,0.7333,0.6822
ResNet-50,Train_Silhouette,Outline,square,0.8667,0.7761,0.8667,0.8189
ResNet-50,Train_Silhouette,Outline,table,0.2667,0.8421,0.2667,0.4051
ResNet-50,Train_Silhouette,Outline,triangle,0.75,1.0,0.75,0.8571
ResNet-50,Train_Silhouette,Dotted,car,0.8667,0.7879,0.8667,0.8254
ResNet-50,Train_Silhouette,Dotted,cat,0.0167,0.2,0.0167,0.0308
ResNet-50,Train_Silhouette,Dotted,chair,0.25,0.6522,0.25,0.3614
ResNet-50,Train_Silhouette,Dotted,circle,0.0,0.0,0.0,0.0
ResNet-50,Train_Silhouette,Dotted,cup,0.7333,0.1189,0.7333,0.2047
ResNet-50,Train_Silhouette,Dotted,dog,0.0167,0.3333,0.0167,0.0317
ResNet-50,Train_Silhouette,Dotted,rectangle,0.4833,0.537,0.4833,0.5088
ResNet-50,Train_Silhouette,Dotted,square,0.55,0.7333,0.55,0.6286
ResNet-50,Train_Silhouette,Dotted,table,0.35,0.913,0.35,0.506
ResNet-50,Train_Silhouette,Dotted,triangle,0.1833,1.0,0.1833,0.3099
ResNet-50,Train_Silhouette,Dashed,car,0.85,0.6623,0.85,0.7445
ResNet-50,Train_Silhouette,Dashed,cat,0.0,0.0,0.0,0.0
ResNet-50,Train_Silhouette,Dashed,chair,0.0333,1.0,0.0333,0.0645
ResNet-50,Train_Silhouette,Dashed,circle,0.2667,1.0,0.2667,0.4211
ResNet-50,Train_Silhouette,Dashed,cup,0.8,0.1416,0.8,0.2406
ResNet-50,Train_Silhouette,Dashed,dog,0.0,0.0,0.0,0.0
ResNet-50,Train_Silhouette,Dashed,rectangle,0.7,0.6087,0.7,0.6512
ResNet-50,Train_Silhouette,Dashed,square,0.8167,0.7778,0.8167,0.7967
ResNet-50,Train_Silhouette,Dashed,table,0.0833,0.8333,0.0833,0.1515
ResNet-50,Train_Silhouette,Dashed,triangle,0.3833,0.92,0.3833,0.5412
ResNet-50,Train_Silhouette,Sketch,car,0.9333,0.7273,0.9333,0.8175
ResNet-50,Train_Silhouette,Sketch,cat,0.0833,0.0676,0.0833,0.0746
ResNet-50,Train_Silhouette,Sketch,chair,0.45,0.9643,0.45,0.6136
ResNet-50,Train_Silhouette,Sketch,circle,0.0,0.0,0.0,0.0
ResNet-50,Train_Silhouette,Sketch,cup,0.9,0.1475,0.9,0.2535
ResNet-50,Train_Silhouette,Sketch,dog,0.1167,0.5833,0.1167,0.1944
ResNet-50,Train_Silhouette,Sketch,rectangle,0.1667,0.5882,0.1667,0.2597
ResNet-50,Train_Silhouette,Sketch,square,0.0,0.0,0.0,0.0
ResNet-50,Train_Silhouette,Sketch,table,0.1333,0.32,0.1333,0.1882
ResNet-50,Train_Silhouette,Sketch,triangle,0.0167,1.0,0.0167,0.0328
ResNet-50,Train_Silhouette,Silhouette,car,0.9167,0.9821,0.9167,0.9483
ResNet-50,Train_Silhouette,Silhouette,cat,0.5833,0.7143,0.5833,0.6422
ResNet-50,Train_Silhouette,Silhouette,chair,0.9667,0.9667,0.9667,0.9667
ResNet-50,Train_Silhouette,Silhouette,circle,1.0,0.9836,1.0,0.9917
ResNet-50,Train_Silhouette,Silhouette,cup,0.7833,0.9792,0.7833,0.8704
ResNet-50,Train_Silhouette,Silhouette,dog,0.8833,0.6163,0.8833,0.726
ResNet-50,Train_Silhouette,Silhouette,rectangle,1.0,1.0,1.0,1.0
ResNet-50,Train_Silhouette,Silhouette,square,1.0,1.0,1.0,1.0
ResNet-50,Train_Silhouette,Silhouette,table,0.9667,0.9667,0.9667,0.9667
ResNet-50,Train_Silhouette,Silhouette,triangle,1.0,1.0,1.0,1.0
ResNet-50,Train_Silhouette,ColorTint_Red,car,0.0,0.0,0.0,0.0
ResNet-50,Train_Silhouette,ColorTint_Red,cat,0.0,0.0,0.0,0.0
ResNet-50,Train_Silhouette,ColorTint_Red,chair,0.0667,1.0,0.0667,0.125
ResNet-50,Train_Silhouette,ColorTint_Red,circle,0.0667,1.0,0.0667,0.125
ResNet-50,Train_Silhouette,ColorTint_Red,cup,0.0333,0.6667,0.0333,0.0635
ResNet-50,Train_Silhouette,ColorTint_Red,dog,0.0,0.0,0.0,0.0
ResNet-50,Train_Silhouette,ColorTint_Red,rectangle,0.1167,1.0,0.1167,0.209
ResNet-50,Train_Silhouette,ColorTint_Red,square,0.1167,1.0,0.1167,0.209
ResNet-50,Train_Silhouette,ColorTint_Red,table,0.9667,0.1021,0.9667,0.1847
ResNet-50,Train_Silhouette,ColorTint_Red,triangle,0.1,0.8571,0.1,0.1791
ResNet-50,Train_Silhouette,ColorTint_Green,car,0.0,0.0,0.0,0.0
ResNet-50,Train_Silhouette,ColorTint_Green,cat,0.0,0.0,0.0,0.0
ResNet-50,Train_Silhouette,ColorTint_Green,chair,0.0,0.0,0.0,0.0
ResNet-50,Train_Silhouette,ColorTint_Green,circle,0.0667,1.0,0.0667,0.125
ResNet-50,Train_Silhouette,ColorTint_Green,cup,0.0,0.0,0.0,0.0
ResNet-50,Train_Silhouette,ColorTint_Green,dog,0.0,0.0,0.0,0.0
ResNet-50,Train_Silhouette,ColorTint_Green,rectangle,0.0833,1.0,0.0833,0.1538
ResNet-50,Train_Silhouette,ColorTint_Green,square,0.1167,1.0,0.1167,0.209
ResNet-50,Train_Silhouette,ColorTint_Green,table,1.0,0.1038,1.0,0.1881
ResNet-50,Train_Silhouette,ColorTint_Green,triangle,0.05,1.0,0.05,0.0952
ResNet-50,Train_Silhouette,ColorTint_Blue,car,0.0,0.0,0.0,0.0
ResNet-50,Train_Silhouette,ColorTint_Blue,cat,0.0,0.0,0.0,0.0
ResNet-50,Train_Silhouette,ColorTint_Blue,chair,0.0,0.0,0.0,0.0
ResNet-50,Train_Silhouette,ColorTint_Blue,circle,0.0667,1.0,0.0667,0.125
ResNet-50,Train_Silhouette,ColorTint_Blue,cup,0.0,0.0,0.0,0.0
ResNet-50,Train_Silhouette,ColorTint_Blue,dog,0.0,0.0,0.0,0.0
ResNet-50,Train_Silhouette,ColorTint_Blue,rectangle,0.1,1.0,0.1,0.1818
ResNet-50,Train_Silhouette,ColorTint_Blue,square,0.1167,1.0,0.1167,0.209
ResNet-50,Train_Silhouette,ColorTint_Blue,table,1.0,0.104,1.0,0.1884
ResNet-50,Train_Silhouette,ColorTint_Blue,triangle,0.1,1.0,0.1,0.1818
ResNet-50,Train_ColorTint_Red,Original,car,0.9833,1.0,0.9833,0.9916
ResNet-50,Train_ColorTint_Red,Original,cat,0.95,1.0,0.95,0.9744
ResNet-50,Train_ColorTint_Red,Original,chair,1.0,1.0,1.0,1.0
ResNet-50,Train_ColorTint_Red,Original,circle,1.0,0.9836,1.0,0.9917
ResNet-50,Train_ColorTint_Red,Original,cup,1.0,0.9836,1.0,0.9917
ResNet-50,Train_ColorTint_Red,Original,dog,0.9833,0.9516,0.9833,0.9672
ResNet-50,Train_ColorTint_Red,Original,rectangle,0.9333,0.9032,0.9333,0.918
ResNet-50,Train_ColorTint_Red,Original,square,0.9,0.931,0.9,0.9153
ResNet-50,Train_ColorTint_Red,Original,table,1.0,1.0,1.0,1.0
ResNet-50,Train_ColorTint_Red,Original,triangle,1.0,1.0,1.0,1.0
ResNet-50,Train_ColorTint_Red,Outline,car,0.9333,0.6588,0.9333,0.7724
ResNet-50,Train_ColorTint_Red,Outline,cat,0.6667,0.6154,0.6667,0.64
ResNet-50,Train_ColorTint_Red,Outline,chair,0.9167,1.0,0.9167,0.9565
ResNet-50,Train_ColorTint_Red,Outline,circle,0.8667,0.963,0.8667,0.9123
ResNet-50,Train_ColorTint_Red,Outline,cup,0.55,0.7674,0.55,0.6408
ResNet-50,Train_ColorTint_Red,Outline,dog,0.2333,0.7778,0.2333,0.359
ResNet-50,Train_ColorTint_Red,Outline,rectangle,0.9167,0.534,0.9167,0.6748
ResNet-50,Train_ColorTint_Red,Outline,square,0.8667,0.8525,0.8667,0.8595
ResNet-50,Train_ColorTint_Red,Outline,table,0.9833,0.9516,0.9833,0.9672
ResNet-50,Train_ColorTint_Red,Outline,triangle,0.8167,0.9074,0.8167,0.8596
ResNet-50,Train_ColorTint_Red,Dotted,car,0.9,0.8852,0.9,0.8926
ResNet-50,Train_ColorTint_Red,Dotted,cat,0.2667,0.6154,0.2667,0.3721
ResNet-50,Train_ColorTint_Red,Dotted,chair,1.0,0.7895,1.0,0.8824
ResNet-50,Train_ColorTint_Red,Dotted,circle,0.8667,0.963,0.8667,0.9123
ResNet-50,Train_ColorTint_Red,Dotted,cup,0.5667,0.3908,0.5667,0.4626
ResNet-50,Train_ColorTint_Red,Dotted,dog,0.25,0.6522,0.25,0.3614
ResNet-50,Train_ColorTint_Red,Dotted,rectangle,0.8667,0.5361,0.8667,0.6624
ResNet-50,Train_ColorTint_Red,Dotted,square,0.8667,0.8254,0.8667,0.8455
ResNet-50,Train_ColorTint_Red,Dotted,table,0.8833,0.9464,0.8833,0.9138
ResNet-50,Train_ColorTint_Red,Dotted,triangle,0.85,0.8947,0.85,0.8718
ResNet-50,Train_ColorTint_Red,Dashed,car,0.8667,0.7761,0.8667,0.8189
ResNet-50,Train_ColorTint_Red,Dashed,cat,0.6167,0.5873,0.6167,0.6016
ResNet-50,Train_ColorTint_Red,Dashed,chair,0.9833,1.0,0.9833,0.9916
ResNet-50,Train_ColorTint_Red,Dashed,circle,0.8667,0.963,0.8667,0.9123
ResNet-50,Train_ColorTint_Red,Dashed,cup,0.55,0.6,0.55,0.5739
ResNet-50,Train_ColorTint_Red,Dashed,dog,0.2833,0.85,0.2833,0.425
ResNet-50,Train_ColorTint_Red,Dashed,rectangle,0.95,0.5135,0.95,0.6667
ResNet-50,Train_ColorTint_Red,Dashed,square,0.8667,0.9286,0.8667,0.8966
ResNet-50,Train_ColorTint_Red,Dashed,table,0.9667,1.0,0.9667,0.9831
ResNet-50,Train_ColorTint_Red,Dashed,triangle,0.85,0.8947,0.85,0.8718
ResNet-50,Train_ColorTint_Red,Sketch,car,0.9667,0.8169,0.9667,0.8855
ResNet-50,Train_ColorTint_Red,Sketch,cat,0.5333,0.9143,0.5333,0.6737
ResNet-50,Train_ColorTint_Red,Sketch,chair,0.9,1.0,0.9,0.9474
ResNet-50,Train_ColorTint_Red,Sketch,circle,1.0,0.8696,1.0,0.9302
ResNet-50,Train_ColorTint_Red,Sketch,cup,0.7333,0.8302,0.7333,0.7788
ResNet-50,Train_ColorTint_Red,Sketch,dog,0.8667,0.5977,0.8667,0.7075
ResNet-50,Train_ColorTint_Red,Sketch,rectangle,0.5167,0.4697,0.5167,0.4921
ResNet-50,Train_ColorTint_Red,Sketch,square,0.0833,0.4167,0.0833,0.1389
ResNet-50,Train_ColorTint_Red,Sketch,table,0.9833,1.0,0.9833,0.9916
ResNet-50,Train_ColorTint_Red,Sketch,triangle,0.9833,0.6277,0.9833,0.7662
ResNet-50,Train_ColorTint_Red,Silhouette,car,0.8,0.9412,0.8,0.8649
ResNet-50,Train_ColorTint_Red,Silhouette,cat,0.3167,0.5758,0.3167,0.4086
ResNet-50,Train_ColorTint_Red,Silhouette,chair,0.9667,0.8406,0.9667,0.8992
ResNet-50,Train_ColorTint_Red,Silhouette,circle,1.0,0.9836,1.0,0.9917
ResNet-50,Train_ColorTint_Red,Silhouette,cup,0.6833,0.4881,0.6833,0.5694
ResNet-50,Train_ColorTint_Red,Silhouette,dog,0.3667,0.6471,0.3667,0.4681
ResNet-50,Train_ColorTint_Red,Silhouette,rectangle,0.8,0.4444,0.8,0.5714
ResNet-50,Train_ColorTint_Red,Silhouette,square,0.3167,0.6129,0.3167,0.4176
ResNet-50,Train_ColorTint_Red,Silhouette,table,0.7167,0.86,0.7167,0.7818
ResNet-50,Train_ColorTint_Red,Silhouette,triangle,1.0,0.7595,1.0,0.8633
ResNet-50,Train_ColorTint_Red,ColorTint_Red,car,0.9833,0.9833,0.9833,0.9833
ResNet-50,Train_ColorTint_Red,ColorTint_Red,cat,0.9667,0.9831,0.9667,0.9748
ResNet-50,Train_ColorTint_Red,ColorTint_Red,chair,1.0,1.0,1.0,1.0
ResNet-50,Train_ColorTint_Red,ColorTint_Red,circle,1.0,0.9836,1.0,0.9917
ResNet-50,Train_ColorTint_Red,ColorTint_Red,cup,0.9833,0.9833,0.9833,0.9833
ResNet-50,Train_ColorTint_Red,ColorTint_Red,dog,0.9833,0.9833,0.9833,0.9833
ResNet-50,Train_ColorTint_Red,ColorTint_Red,rectangle,0.9833,0.9077,0.9833,0.944
ResNet-50,Train_ColorTint_Red,ColorTint_Red,square,0.9,0.9818,0.9,0.9391
ResNet-50,Train_ColorTint_Red,ColorTint_Red,table,1.0,1.0,1.0,1.0
ResNet-50,Train_ColorTint_Red,ColorTint_Red,triangle,1.0,1.0,1.0,1.0
ResNet-50,Train_ColorTint_Red,ColorTint_Green,car,1.0,1.0,1.0,1.0
ResNet-50,Train_ColorTint_Red,ColorTint_Green,cat,0.95,0.95,0.95,0.95
ResNet-50,Train_ColorTint_Red,ColorTint_Green,chair,1.0,1.0,1.0,1.0
ResNet-50,Train_ColorTint_Red,ColorTint_Green,circle,1.0,0.9836,1.0,0.9917
ResNet-50,Train_ColorTint_Red,ColorTint_Green,cup,1.0,0.9836,1.0,0.9917
ResNet-50,Train_ColorTint_Red,ColorTint_Green,dog,0.95,0.9661,0.95,0.958
ResNet-50,Train_ColorTint_Red,ColorTint_Green,rectangle,0.9833,0.9077,0.9833,0.944
ResNet-50,Train_ColorTint_Red,ColorTint_Green,square,0.9,0.9818,0.9,0.9391
ResNet-50,Train_ColorTint_Red,ColorTint_Green,table,0.9833,1.0,0.9833,0.9916
ResNet-50,Train_ColorTint_Red,ColorTint_Green,triangle,1.0,1.0,1.0,1.0
ResNet-50,Train_ColorTint_Red,ColorTint_Blue,car,0.9833,1.0,0.9833,0.9916
ResNet-50,Train_ColorTint_Red,ColorTint_Blue,cat,0.95,0.9048,0.95,0.9268
ResNet-50,Train_ColorTint_Red,ColorTint_Blue,chair,1.0,1.0,1.0,1.0
ResNet-50,Train_ColorTint_Red,ColorTint_Blue,circle,1.0,0.9836,1.0,0.9917
ResNet-50,Train_ColorTint_Red,ColorTint_Blue,cup,1.0,0.8696,1.0,0.9302
ResNet-50,Train_ColorTint_Red,ColorTint_Blue,dog,0.8333,0.9804,0.8333,0.9009
ResNet-50,Train_ColorTint_Red,ColorTint_Blue,rectangle,0.9333,0.9032,0.9333,0.918
ResNet-50,Train_ColorTint_Red,ColorTint_Blue,square,0.9,0.931,0.9,0.9153
ResNet-50,Train_ColorTint_Red,ColorTint_Blue,table,0.95,1.0,0.95,0.9744
ResNet-50,Train_ColorTint_Red,ColorTint_Blue,triangle,1.0,1.0,1.0,1.0
ResNet-50,Train_ColorTint_Green,Original,car,0.9667,1.0,0.9667,0.9831
ResNet-50,Train_ColorTint_Green,Original,cat,0.9333,1.0,0.9333,0.9655
ResNet-50,Train_ColorTint_Green,Original,chair,1.0,0.9836,1.0,0.9917
ResNet-50,Train_ColorTint_Green,Original,circle,1.0,0.9836,1.0,0.9917
ResNet-50,Train_ColorTint_Green,Original,cup,1.0,0.9231,1.0,0.96
ResNet-50,Train_ColorTint_Green,Original,dog,0.9833,0.9516,0.9833,0.9672
ResNet-50,Train_ColorTint_Green,Original,rectangle,0.9667,0.9831,0.9667,0.9748
ResNet-50,Train_ColorTint_Green,Original,square,0.95,0.9828,0.95,0.9661
ResNet-50,Train_ColorTint_Green,Original,table,1.0,1.0,1.0,1.0
ResNet-50,Train_ColorTint_Green,Original,triangle,1.0,1.0,1.0,1.0
ResNet-50,Train_ColorTint_Green,Outline,car,0.75,0.9574,0.75,0.8411
ResNet-50,Train_ColorTint_Green,Outline,cat,0.4167,0.9259,0.4167,0.5747
ResNet-50,Train_ColorTint_Green,Outline,chair,1.0,0.9524,1.0,0.9756
ResNet-50,Train_ColorTint_Green,Outline,circle,0.8667,0.9811,0.8667,0.9204
ResNet-50,Train_ColorTint_Green,Outline,cup,0.6333,0.5067,0.6333,0.563
ResNet-50,Train_ColorTint_Green,Outline,dog,0.7167,0.6935,0.7167,0.7049
ResNet-50,Train_ColorTint_Green,Outline,rectangle,0.7,0.7119,0.7,0.7059
ResNet-50,Train_ColorTint_Green,Outline,square,1.0,0.6316,1.0,0.7742
ResNet-50,Train_ColorTint_Green,Outline,table,0.9667,0.9667,0.9667,0.9667
ResNet-50,Train_ColorTint_Green,Outline,triangle,0.85,0.8644,0.85,0.8571
ResNet-50,Train_ColorTint_Green,Dotted,car,0.7333,1.0,0.7333,0.8462
ResNet-50,Train_ColorTint_Green,Dotted,cat,0.1833,0.7857,0.1833,0.2973
ResNet-50,Train_ColorTint_Green,Dotted,chair,0.9833,0.9077,0.9833,0.944
ResNet-50,Train_ColorTint_Green,Dotted,circle,0.8667,0.963,0.8667,0.9123
ResNet-50,Train_ColorTint_Green,Dotted,cup,0.6333,0.5352,0.6333,0.5802
ResNet-50,Train_ColorTint_Green,Dotted,dog,0.75,0.4688,0.75,0.5769
ResNet-50,Train_ColorTint_Green,Dotted,rectangle,0.7167,0.8958,0.7167,0.7963
ResNet-50,Train_ColorTint_Green,Dotted,square,0.9833,0.6344,0.9833,0.7712
ResNet-50,Train_ColorTint_Green,Dotted,table,0.85,0.9273,0.85,0.887
ResNet-50,Train_ColorTint_Green,Dotted,triangle,0.85,0.85,0.85,0.85
ResNet-50,Train_ColorTint_Green,Dashed,car,0.5833,1.0,0.5833,0.7368
ResNet-50,Train_ColorTint_Green,Dashed,cat,0.4,0.9231,0.4,0.5581
ResNet-50,Train_ColorTint_Green,Dashed,chair,0.9833,0.9672,0.9833,0.9752
ResNet-50,Train_ColorTint_Green,Dashed,circle,0.8667,0.963,0.8667,0.9123
ResNet-50,Train_ColorTint_Green,Dashed,cup,0.6167,0.4302,0.6167,0.5068
ResNet-50,Train_ColorTint_Green,Dashed,dog,0.6833,0.6949,0.6833,0.6891
ResNet-50,Train_ColorTint_Green,Dashed,rectangle,0.7,0.7119,0.7,0.7059
ResNet-50,Train_ColorTint_Green,Dashed,square,1.0,0.6316,1.0,0.7742
ResNet-50,Train_ColorTint_Green,Dashed,table,0.95,0.9194,0.95,0.9344
ResNet-50,Train_ColorTint_Green,Dashed,triangle,0.85,0.8095,0.85,0.8293
ResNet-50,Train_ColorTint_Green,Sketch,car,0.75,1.0,0.75,0.8571
ResNet-50,Train_ColorTint_Green,Sketch,cat,0.3667,0.9167,0.3667,0.5238
ResNet-50,Train_ColorTint_Green,Sketch,chair,0.8,1.0,0.8,0.8889
ResNet-50,Train_ColorTint_Green,Sketch,circle,1.0,0.8333,1.0,0.9091
ResNet-50,Train_ColorTint_Green,Sketch,cup,0.8833,0.6163,0.8833,0.726
ResNet-50,Train_ColorTint_Green,Sketch,dog,0.8667,0.5532,0.8667,0.6753
ResNet-50,Train_ColorTint_Green,Sketch,rectangle,0.2167,0.5417,0.2167,0.3095
ResNet-50,Train_ColorTint_Green,Sketch,square,0.1167,0.5,0.1167,0.1892
ResNet-50,Train_ColorTint_Green,Sketch,table,1.0,0.9677,1.0,0.9836
ResNet-50,Train_ColorTint_Green,Sketch,triangle,1.0,0.458,1.0,0.6283
ResNet-50,Train_ColorTint_Green,Silhouette,car,0.5,1.0,0.5,0.6667
ResNet-50,Train_ColorTint_Green,Silhouette,cat,0.45,0.54,0.45,0.4909
ResNet-50,Train_ColorTint_Green,Silhouette,chair,0.9833,0.8676,0.9833,0.9219
ResNet-50,Train_ColorTint_Green,Silhouette,circle,1.0,0.9677,1.0,0.9836
ResNet-50,Train_ColorTint_Green,Silhouette,cup,0.7167,0.4624,0.7167,0.5621
ResNet-50,Train_ColorTint_Green,Silhouette,dog,0.5833,0.5303,0.5833,0.5556
ResNet-50,Train_ColorTint_Green,Silhouette,rectangle,0.9,0.9153,0.9,0.9076
ResNet-50,Train_ColorTint_Green,Silhouette,square,1.0,0.9091,1.0,0.9524
ResNet-50,Train_ColorTint_Green,Silhouette,table,0.5167,0.9688,0.5167,0.6739
ResNet-50,Train_ColorTint_Green,Silhouette,triangle,1.0,0.8108,1.0,0.8955
ResNet-50,Train_ColorTint_Green,ColorTint_Red,car,0.95,1.0,0.95,0.9744
ResNet-50,Train_ColorTint_Green,ColorTint_Red,cat,0.9167,1.0,0.9167,0.9565
ResNet-50,Train_ColorTint_Green,ColorTint_Red,chair,1.0,1.0,1.0,1.0
ResNet-50,Train_ColorTint_Green,ColorTint_Red,circle,1.0,0.9836,1.0,0.9917
ResNet-50,Train_ColorTint_Green,ColorTint_Red,cup,1.0,0.9231,1.0,0.96
ResNet-50,Train_ColorTint_Green,ColorTint_Red,dog,0.9833,0.9516,0.9833,0.9672
ResNet-50,Train_ColorTint_Green,ColorTint_Red,rectangle,0.9667,1.0,0.9667,0.9831
ResNet-50,Train_ColorTint_Green,ColorTint_Red,square,1.0,0.9677,1.0,0.9836
ResNet-50,Train_ColorTint_Green,ColorTint_Red,table,1.0,1.0,1.0,1.0
ResNet-50,Train_ColorTint_Green,ColorTint_Red,triangle,1.0,1.0,1.0,1.0
ResNet-50,Train_ColorTint_Green,ColorTint_Green,car,0.9833,1.0,0.9833,0.9916
ResNet-50,Train_ColorTint_Green,ColorTint_Green,cat,0.9333,1.0,0.9333,0.9655
ResNet-50,Train_ColorTint_Green,ColorTint_Green,chair,1.0,1.0,1.0,1.0
ResNet-50,Train_ColorTint_Green,ColorTint_Green,circle,1.0,0.9836,1.0,0.9917
ResNet-50,Train_ColorTint_Green,ColorTint_Green,cup,1.0,0.9524,1.0,0.9756
ResNet-50,Train_ColorTint_Green,ColorTint_Green,dog,0.9833,0.9672,0.9833,0.9752
ResNet-50,Train_ColorTint_Green,ColorTint_Green,rectangle,0.9667,1.0,0.9667,0.9831
ResNet-50,Train_ColorTint_Green,ColorTint_Green,square,1.0,0.9677,1.0,0.9836
ResNet-50,Train_ColorTint_Green,ColorTint_Green,table,1.0,1.0,1.0,1.0
ResNet-50,Train_ColorTint_Green,ColorTint_Green,triangle,1.0,1.0,1.0,1.0
ResNet-50,Train_ColorTint_Green,ColorTint_Blue,car,0.95,1.0,0.95,0.9744
ResNet-50,Train_ColorTint_Green,ColorTint_Blue,cat,0.8833,1.0,0.8833,0.9381
ResNet-50,Train_ColorTint_Green,ColorTint_Blue,chair,0.9833,0.9672,0.9833,0.9752
ResNet-50,Train_ColorTint_Green,ColorTint_Blue,circle,1.0,0.9836,1.0,0.9917
ResNet-50,Train_ColorTint_Green,ColorTint_Blue,cup,1.0,0.8219,1.0,0.9023
ResNet-50,Train_ColorTint_Green,ColorTint_Blue,dog,0.9167,0.9483,0.9167,0.9322
ResNet-50,Train_ColorTint_Green,ColorTint_Blue,rectangle,0.95,0.9661,0.95,0.958
ResNet-50,Train_ColorTint_Green,ColorTint_Blue,square,0.9333,0.9655,0.9333,0.9492
ResNet-50,Train_ColorTint_Green,ColorTint_Blue,table,1.0,1.0,1.0,1.0
ResNet-50,Train_ColorTint_Green,ColorTint_Blue,triangle,1.0,1.0,1.0,1.0
ResNet-50,Train_ColorTint_Blue,Original,car,1.0,1.0,1.0,1.0
ResNet-50,Train_ColorTint_Blue,Original,cat,0.95,0.9828,0.95,0.9661
ResNet-50,Train_ColorTint_Blue,Original,chair,1.0,1.0,1.0,1.0
ResNet-50,Train_ColorTint_Blue,Original,circle,1.0,0.9836,1.0,0.9917
ResNet-50,Train_ColorTint_Blue,Original,cup,1.0,0.9375,1.0,0.9677
ResNet-50,Train_ColorTint_Blue,Original,dog,0.9333,0.9825,0.9333,0.9573
ResNet-50,Train_ColorTint_Blue,Original,rectangle,1.0,0.9231,1.0,0.96
ResNet-50,Train_ColorTint_Blue,Original,square,0.9167,1.0,0.9167,0.9565
ResNet-50,Train_ColorTint_Blue,Original,table,1.0,1.0,1.0,1.0
ResNet-50,Train_ColorTint_Blue,Original,triangle,1.0,1.0,1.0,1.0
ResNet-50,Train_ColorTint_Blue,Outline,car,0.6167,0.9737,0.6167,0.7551
ResNet-50,Train_ColorTint_Blue,Outline,cat,0.0167,0.3333,0.0167,0.0317
ResNet-50,Train_ColorTint_Blue,Outline,chair,0.8333,0.9804,0.8333,0.9009
ResNet-50,Train_ColorTint_Blue,Outline,circle,0.8667,0.963,0.8667,0.9123
ResNet-50,Train_ColorTint_Blue,Outline,cup,0.9167,0.3073,0.9167,0.4603
ResNet-50,Train_ColorTint_Blue,Outline,dog,0.1667,0.5263,0.1667,0.2532
ResNet-50,Train_ColorTint_Blue,Outline,rectangle,1.0,0.6977,1.0,0.8219
ResNet-50,Train_ColorTint_Blue,Outline,square,0.8667,1.0,0.8667,0.9286
ResNet-50,Train_ColorTint_Blue,Outline,table,0.9667,0.9667,0.9667,0.9667
ResNet-50,Train_ColorTint_Blue,Outline,triangle,0.85,0.8793,0.85,0.8644
ResNet-50,Train_ColorTint_Blue,Dotted,car,0.6667,1.0,0.6667,0.8
ResNet-50,Train_ColorTint_Blue,Dotted,cat,0.05,0.3333,0.05,0.087
ResNet-50,Train_ColorTint_Blue,Dotted,chair,0.8167,0.6806,0.8167,0.7424
ResNet-50,Train_ColorTint_Blue,Dotted,circle,0.0,0.0,0.0,0.0
ResNet-50,Train_ColorTint_Blue,Dotted,cup,0.9333,0.4308,0.9333,0.5895
ResNet-50,Train_ColorTint_Blue,Dotted,dog,0.6167,0.4868,0.6167,0.5441
ResNet-50,Train_ColorTint_Blue,Dotted,rectangle,0.4167,0.463,0.4167,0.4386
ResNet-50,Train_ColorTint_Blue,Dotted,square,0.1333,0.7273,0.1333,0.2254
ResNet-50,Train_ColorTint_Blue,Dotted,table,0.75,0.9783,0.75,0.8491
ResNet-50,Train_ColorTint_Blue,Dotted,triangle,0.8333,0.3125,0.8333,0.4545
ResNet-50,Train_ColorTint_Blue,Dashed,car,0.5,1.0,0.5,0.6667
ResNet-50,Train_ColorTint_Blue,Dashed,cat,0.05,0.6,0.05,0.0923
ResNet-50,Train_ColorTint_Blue,Dashed,chair,0.8333,0.9804,0.8333,0.9009
ResNet-50,Train_ColorTint_Blue,Dashed,circle,0.8667,0.963,0.8667,0.9123
ResNet-50,Train_ColorTint_Blue,Dashed,cup,0.9167,0.2792,0.9167,0.428
ResNet-50,Train_ColorTint_Blue,Dashed,dog,0.1333,0.7273,0.1333,0.2254
ResNet-50,Train_ColorTint_Blue,Dashed,rectangle,0.9833,0.6941,0.9833,0.8138
ResNet-50,Train_ColorTint_Blue,Dashed,square,0.8667,0.9811,0.8667,0.9204
ResNet-50,Train_ColorTint_Blue,Dashed,table,0.95,1.0,0.95,0.9744
ResNet-50,Train_ColorTint_Blue,Dashed,triangle,0.85,0.8947,0.85,0.8718
ResNet-50,Train_ColorTint_Blue,Sketch,car,0.7667,0.8846,0.7667,0.8214
ResNet-50,Train_ColorTint_Blue,Sketch,cat,0.4667,0.9032,0.4667,0.6154
ResNet-50,Train_ColorTint_Blue,Sketch,chair,0.7667,0.9583,0.7667,0.8519
ResNet-50,Train_ColorTint_Blue,Sketch,circle,0.9667,0.7838,0.9667,0.8657
ResNet-50,Train_ColorTint_Blue,Sketch,cup,0.9667,0.4677,0.9667,0.6304
ResNet-50,Train_ColorTint_Blue,Sketch,dog,0.6667,0.6667,0.6667,0.6667
ResNet-50,Train_ColorTint_Blue,Sketch,rectangle,0.2,0.5217,0.2,0.2892
ResNet-50,Train_ColorTint_Blue,Sketch,square,0.0,0.0,0.0,0.0
ResNet-50,Train_ColorTint_Blue,Sketch,table,0.95,0.9344,0.95,0.9421
ResNet-50,Train_ColorTint_Blue,Sketch,triangle,0.9833,0.4646,0.9833,0.631
ResNet-50,Train_ColorTint_Blue,Silhouette,car,0.7833,0.9038,0.7833,0.8393
ResNet-50,Train_ColorTint_Blue,Silhouette,cat,0.2833,0.7083,0.2833,0.4048
ResNet-50,Train_ColorTint_Blue,Silhouette,chair,1.0,0.5941,1.0,0.7453
ResNet-50,Train_ColorTint_Blue,Silhouette,circle,1.0,0.9836,1.0,0.9917
ResNet-50,Train_ColorTint_Blue,Silhouette,cup,0.75,0.4369,0.75,0.5521
ResNet-50,Train_ColorTint_Blue,Silhouette,dog,0.4167,0.7353,0.4167,0.5319
ResNet-50,Train_ColorTint_Blue,Silhouette,rectangle,0.9833,0.9077,0.9833,0.944
ResNet-50,Train_ColorTint_Blue,Silhouette,square,0.9833,0.9833,0.9833,0.9833
ResNet-50,Train_ColorTint_Blue,Silhouette,table,0.5333,1.0,0.5333,0.6957
ResNet-50,Train_ColorTint_Blue,Silhouette,triangle,1.0,0.8824,1.0,0.9375
ResNet-50,Train_ColorTint_Blue,ColorTint_Red,car,0.9667,1.0,0.9667,0.9831
ResNet-50,Train_ColorTint_Blue,ColorTint_Red,cat,0.85,0.9808,0.85,0.9107
ResNet-50,Train_ColorTint_Blue,ColorTint_Red,chair,1.0,1.0,1.0,1.0
ResNet-50,Train_ColorTint_Blue,ColorTint_Red,circle,1.0,0.9836,1.0,0.9917
ResNet-50,Train_ColorTint_Blue,ColorTint_Red,cup,1.0,0.7792,1.0,0.8759
ResNet-50,Train_ColorTint_Blue,ColorTint_Red,dog,0.85,0.9808,0.85,0.9107
ResNet-50,Train_ColorTint_Blue,ColorTint_Red,rectangle,1.0,0.8696,1.0,0.9302
ResNet-50,Train_ColorTint_Blue,ColorTint_Red,square,0.85,1.0,0.85,0.9189
ResNet-50,Train_ColorTint_Blue,ColorTint_Red,table,1.0,1.0,1.0,1.0
ResNet-50,Train_ColorTint_Blue,ColorTint_Red,triangle,1.0,1.0,1.0,1.0
ResNet-50,Train_ColorTint_Blue,ColorTint_Green,car,0.9833,1.0,0.9833,0.9916
ResNet-50,Train_ColorTint_Blue,ColorTint_Green,cat,0.8667,0.9811,0.8667,0.9204
ResNet-50,Train_ColorTint_Blue,ColorTint_Green,chair,1.0,1.0,1.0,1.0
ResNet-50,Train_ColorTint_Blue,ColorTint_Green,circle,1.0,0.9836,1.0,0.9917
ResNet-50,Train_ColorTint_Blue,ColorTint_Green,cup,1.0,0.8696,1.0,0.9302
ResNet-50,Train_ColorTint_Blue,ColorTint_Green,dog,0.9167,0.9483,0.9167,0.9322
ResNet-50,Train_ColorTint_Blue,ColorTint_Green,rectangle,1.0,0.9836,1.0,0.9917
ResNet-50,Train_ColorTint_Blue,ColorTint_Green,square,0.9833,1.0,0.9833,0.9916
ResNet-50,Train_ColorTint_Blue,ColorTint_Green,table,1.0,1.0,1.0,1.0
ResNet-50,Train_ColorTint_Blue,ColorTint_Green,triangle,1.0,1.0,1.0,1.0
ResNet-50,Train_ColorTint_Blue,ColorTint_Blue,car,0.9833,1.0,0.9833,0.9916
ResNet-50,Train_ColorTint_Blue,ColorTint_Blue,cat,0.9,1.0,0.9,0.9474
ResNet-50,Train_ColorTint_Blue,ColorTint_Blue,chair,1.0,1.0,1.0,1.0
ResNet-50,Train_ColorTint_Blue,ColorTint_Blue,circle,1.0,0.9836,1.0,0.9917
ResNet-50,Train_ColorTint_Blue,ColorTint_Blue,cup,1.0,0.9375,1.0,0.9677
ResNet-50,Train_ColorTint_Blue,ColorTint_Blue,dog,0.9667,0.9355,0.9667,0.9508
ResNet-50,Train_ColorTint_Blue,ColorTint_Blue,rectangle,0.9833,0.9672,0.9833,0.9752
ResNet-50,Train_ColorTint_Blue,ColorTint_Blue,square,0.9667,0.9831,0.9667,0.9748
ResNet-50,Train_ColorTint_Blue,ColorTint_Blue,table,1.0,1.0,1.0,1.0
ResNet-50,Train_ColorTint_Blue,ColorTint_Blue,triangle,1.0,1.0,1.0,1.0
ResNet-50,Train_All_Combined,Original,car,0.9833,1.0,0.9833,0.9916
ResNet-50,Train_All_Combined,Original,cat,0.9667,0.9508,0.9667,0.9587
ResNet-50,Train_All_Combined,Original,chair,1.0,1.0,1.0,1.0
ResNet-50,Train_All_Combined,Original,circle,1.0,0.9677,1.0,0.9836
ResNet-50,Train_All_Combined,Original,cup,0.9833,0.9672,0.9833,0.9752
ResNet-50,Train_All_Combined,Original,dog,0.9333,0.9825,0.9333,0.9573
ResNet-50,Train_All_Combined,Original,rectangle,1.0,1.0,1.0,1.0
ResNet-50,Train_All_Combined,Original,square,1.0,1.0,1.0,1.0
ResNet-50,Train_All_Combined,Original,table,1.0,1.0,1.0,1.0
ResNet-50,Train_All_Combined,Original,triangle,1.0,1.0,1.0,1.0
ResNet-50,Train_All_Combined,Outline,car,0.9667,0.9508,0.9667,0.9587
ResNet-50,Train_All_Combined,Outline,cat,0.9,0.8182,0.9,0.8571
ResNet-50,Train_All_Combined,Outline,chair,1.0,1.0,1.0,1.0
ResNet-50,Train_All_Combined,Outline,circle,0.8667,0.963,0.8667,0.9123
ResNet-50,Train_All_Combined,Outline,cup,0.9,0.9,0.9,0.9
ResNet-50,Train_All_Combined,Outline,dog,0.8,0.9412,0.8,0.8649
ResNet-50,Train_All_Combined,Outline,rectangle,0.8333,1.0,0.8333,0.9091
ResNet-50,Train_All_Combined,Outline,square,1.0,0.6897,1.0,0.8163
ResNet-50,Train_All_Combined,Outline,table,1.0,1.0,1.0,1.0
ResNet-50,Train_All_Combined,Outline,triangle,0.85,1.0,0.85,0.9189
ResNet-50,Train_All_Combined,Dotted,car,0.95,0.9828,0.95,0.9661
ResNet-50,Train_All_Combined,Dotted,cat,0.9667,0.6517,0.9667,0.7785
ResNet-50,Train_All_Combined,Dotted,chair,1.0,1.0,1.0,1.0
ResNet-50,Train_All_Combined,Dotted,circle,0.8667,0.963,0.8667,0.9123
ResNet-50,Train_All_Combined,Dotted,cup,0.8833,0.9298,0.8833,0.906
ResNet-50,Train_All_Combined,Dotted,dog,0.5667,1.0,0.5667,0.7234
ResNet-50,Train_All_Combined,Dotted,rectangle,0.8333,1.0,0.8333,0.9091
ResNet-50,Train_All_Combined,Dotted,square,1.0,0.6897,1.0,0.8163
ResNet-50,Train_All_Combined,Dotted,table,1.0,1.0,1.0,1.0
ResNet-50,Train_All_Combined,Dotted,triangle,0.85,1.0,0.85,0.9189
ResNet-50,Train_All_Combined,Dashed,car,0.9667,0.9831,0.9667,0.9748
ResNet-50,Train_All_Combined,Dashed,cat,0.8833,0.803,0.8833,0.8413
ResNet-50,Train_All_Combined,Dashed,chair,1.0,1.0,1.0,1.0
ResNet-50,Train_All_Combined,Dashed,circle,0.8667,0.963,0.8667,0.9123
ResNet-50,Train_All_Combined,Dashed,cup,0.95,0.8906,0.95,0.9194
ResNet-50,Train_All_Combined,Dashed,dog,0.75,0.9184,0.75,0.8257
ResNet-50,Train_All_Combined,Dashed,rectangle,0.8333,1.0,0.8333,0.9091
ResNet-50,Train_All_Combined,Dashed,square,1.0,0.6897,1.0,0.8163
ResNet-50,Train_All_Combined,Dashed,table,1.0,1.0,1.0,1.0
ResNet-50,Train_All_Combined,Dashed,triangle,0.85,1.0,0.85,0.9189
ResNet-50,Train_All_Combined,Sketch,car,1.0,1.0,1.0,1.0
ResNet-50,Train_All_Combined,Sketch,cat,0.95,0.7703,0.95,0.8507
ResNet-50,Train_All_Combined,Sketch,chair,1.0,1.0,1.0,1.0
ResNet-50,Train_All_Combined,Sketch,circle,1.0,0.9677,1.0,0.9836
ResNet-50,Train_All_Combined,Sketch,cup,0.95,0.9828,0.95,0.9661
ResNet-50,Train_All_Combined,Sketch,dog,0.75,0.9574,0.75,0.8411
ResNet-50,Train_All_Combined,Sketch,rectangle,0.5167,1.0,0.5167,0.6813
ResNet-50,Train_All_Combined,Sketch,square,1.0,0.6818,1.0,0.8108
ResNet-50,Train_All_Combined,Sketch,table,1.0,1.0,1.0,1.0
ResNet-50,Train_All_Combined,Sketch,triangle,1.0,1.0,1.0,1.0
ResNet-50,Train_All_Combined,Silhouette,car,1.0,1.0,1.0,1.0
ResNet-50,Train_All_Combined,Silhouette,cat,0.8833,0.6163,0.8833,0.726
ResNet-50,Train_All_Combined,Silhouette,chair,1.0,0.9836,1.0,0.9917
ResNet-50,Train_All_Combined,Silhouette,circle,1.0,0.9677,1.0,0.9836
ResNet-50,Train_All_Combined,Silhouette,cup,0.8333,0.9804,0.8333,0.9009
ResNet-50,Train_All_Combined,Silhouette,dog,0.4833,0.725,0.4833,0.58
ResNet-50,Train_All_Combined,Silhouette,rectangle,1.0,1.0,1.0,1.0
ResNet-50,Train_All_Combined,Silhouette,square,1.0,1.0,1.0,1.0
ResNet-50,Train_All_Combined,Silhouette,table,0.9833,0.9833,0.9833,0.9833
ResNet-50,Train_All_Combined,Silhouette,triangle,1.0,1.0,1.0,1.0
ResNet-50,Train_All_Combined,ColorTint_Red,car,0.9833,1.0,0.9833,0.9916
ResNet-50,Train_All_Combined,ColorTint_Red,cat,0.9833,0.8939,0.9833,0.9365
ResNet-50,Train_All_Combined,ColorTint_Red,chair,1.0,1.0,1.0,1.0
ResNet-50,Train_All_Combined,ColorTint_Red,circle,1.0,0.9677,1.0,0.9836
ResNet-50,Train_All_Combined,ColorTint_Red,cup,0.95,0.9661,0.95,0.958
ResNet-50,Train_All_Combined,ColorTint_Red,dog,0.9,1.0,0.9,0.9474
ResNet-50,Train_All_Combined,ColorTint_Red,rectangle,1.0,1.0,1.0,1.0
ResNet-50,Train_All_Combined,ColorTint_Red,square,1.0,1.0,1.0,1.0
ResNet-50,Train_All_Combined,ColorTint_Red,table,1.0,1.0,1.0,1.0
ResNet-50,Train_All_Combined,ColorTint_Red,triangle,1.0,1.0,1.0,1.0
ResNet-50,Train_All_Combined,ColorTint_Green,car,0.9833,1.0,0.9833,0.9916
ResNet-50,Train_All_Combined,ColorTint_Green,cat,0.9833,0.9365,0.9833,0.9593
ResNet-50,Train_All_Combined,ColorTint_Green,chair,1.0,1.0,1.0,1.0
ResNet-50,Train_All_Combined,ColorTint_Green,circle,1.0,0.9836,1.0,0.9917
ResNet-50,Train_All_Combined,ColorTint_Green,cup,0.95,0.9661,0.95,0.958
ResNet-50,Train_All_Combined,ColorTint_Green,dog,0.9167,0.9483,0.9167,0.9322
ResNet-50,Train_All_Combined,ColorTint_Green,rectangle,1.0,1.0,1.0,1.0
ResNet-50,Train_All_Combined,ColorTint_Green,square,1.0,1.0,1.0,1.0
ResNet-50,Train_All_Combined,ColorTint_Green,table,1.0,1.0,1.0,1.0
ResNet-50,Train_All_Combined,ColorTint_Green,triangle,1.0,1.0,1.0,1.0
ResNet-50,Train_All_Combined,ColorTint_Blue,car,1.0,1.0,1.0,1.0
ResNet-50,Train_All_Combined,ColorTint_Blue,cat,0.9833,0.9365,0.9833,0.9593
ResNet-50,Train_All_Combined,ColorTint_Blue,chair,1.0,1.0,1.0,1.0
ResNet-50,Train_All_Combined,ColorTint_Blue,circle,1.0,0.9677,1.0,0.9836
ResNet-50,Train_All_Combined,ColorTint_Blue,cup,0.9833,0.9672,0.9833,0.9752
ResNet-50,Train_All_Combined,ColorTint_Blue,dog,0.9,1.0,0.9,0.9474
ResNet-50,Train_All_Combined,ColorTint_Blue,rectangle,1.0,1.0,1.0,1.0
ResNet-50,Train_All_Combined,ColorTint_Blue,square,1.0,1.0,1.0,1.0
ResNet-50,Train_All_Combined,ColorTint_Blue,table,1.0,1.0,1.0,1.0
ResNet-50,Train_All_Combined,ColorTint_Blue,triangle,1.0,1.0,1.0,1.0
ViT-B/16,Train_Original,Original,car,0.9833,1.0,0.9833,0.9916
ViT-B/16,Train_Original,Original,cat,0.9333,0.9492,0.9333,0.9412
ViT-B/16,Train_Original,Original,chair,1.0,1.0,1.0,1.0
ViT-B/16,Train_Original,Original,circle,1.0,0.9677,1.0,0.9836
ViT-B/16,Train_Original,Original,cup,0.9667,0.9206,0.9667,0.9431
ViT-B/16,Train_Original,Original,dog,0.9,0.9474,0.9,0.9231
ViT-B/16,Train_Original,Original,rectangle,0.55,0.7333,0.55,0.6286
ViT-B/16,Train_Original,Original,square,0.8,0.64,0.8,0.7111
ViT-B/16,Train_Original,Original,table,1.0,1.0,1.0,1.0
ViT-B/16,Train_Original,Original,triangle,1.0,1.0,1.0,1.0
ViT-B/16,Train_Original,Outline,car,0.0,0.0,0.0,0.0
ViT-B/16,Train_Original,Outline,cat,0.0,0.0,0.0,0.0
ViT-B/16,Train_Original,Outline,chair,0.7667,0.9787,0.7667,0.8598
ViT-B/16,Train_Original,Outline,circle,0.8667,0.9811,0.8667,0.9204
ViT-B/16,Train_Original,Outline,cup,0.1167,1.0,0.1167,0.209
ViT-B/16,Train_Original,Outline,dog,0.3667,0.3385,0.3667,0.352
ViT-B/16,Train_Original,Outline,rectangle,0.0167,0.0714,0.0167,0.027
ViT-B/16,Train_Original,Outline,square,1.0,0.1813,1.0,0.3069
ViT-B/16,Train_Original,Outline,table,0.55,0.8919,0.55,0.6804
ViT-B/16,Train_Original,Outline,triangle,0.6667,0.8696,0.6667,0.7547
ViT-B/16,Train_Original,Dotted,car,0.0167,1.0,0.0167,0.0328
ViT-B/16,Train_Original,Dotted,cat,0.0,0.0,0.0,0.0
ViT-B/16,Train_Original,Dotted,chair,0.8333,0.8333,0.8333,0.8333
ViT-B/16,Train_Original,Dotted,circle,0.1,1.0,0.1,0.1818
ViT-B/16,Train_Original,Dotted,cup,0.0,0.0,0.0,0.0
ViT-B/16,Train_Original,Dotted,dog,0.2,0.24,0.2,0.2182
ViT-B/16,Train_Original,Dotted,rectangle,0.1833,0.2,0.1833,0.1913
ViT-B/16,Train_Original,Dotted,square,0.9833,0.1557,0.9833,0.2688
ViT-B/16,Train_Original,Dotted,table,0.6,0.8372,0.6,0.699
ViT-B/16,Train_Original,Dotted,triangle,0.0667,0.6667,0.0667,0.1212
ViT-B/16,Train_Original,Dashed,car,0.0,0.0,0.0,0.0
ViT-B/16,Train_Original,Dashed,cat,0.0,0.0,0.0,0.0
ViT-B/16,Train_Original,Dashed,chair,0.5667,0.9714,0.5667,0.7158
ViT-B/16,Train_Original,Dashed,circle,0.8667,0.9811,0.8667,0.9204
ViT-B/16,Train_Original,Dashed,cup,0.0333,0.6667,0.0333,0.0635
ViT-B/16,Train_Original,Dashed,dog,0.1667,0.4,0.1667,0.2353
ViT-B/16,Train_Original,Dashed,rectangle,0.0167,0.0769,0.0167,0.0274
ViT-B/16,Train_Original,Dashed,square,1.0,0.1456,1.0,0.2542
ViT-B/16,Train_Original,Dashed,table,0.45,1.0,0.45,0.6207
ViT-B/16,Train_Original,Dashed,triangle,0.45,0.8438,0.45,0.587
ViT-B/16,Train_Original,Sketch,car,0.25,1.0,0.25,0.4
ViT-B/16,Train_Original,Sketch,cat,0.1833,0.8462,0.1833,0.3014
ViT-B/16,Train_Original,Sketch,chair,0.9667,0.9508,0.9667,0.9587
ViT-B/16,Train_Original,Sketch,circle,0.9333,0.9825,0.9333,0.9573
ViT-B/16,Train_Original,Sketch,cup,0.2,0.3871,0.2,0.2637
ViT-B/16,Train_Original,Sketch,dog,0.8,0.3478,0.8,0.4848
ViT-B/16,Train_Original,Sketch,rectangle,0.0,0.0,0.0,0.0
ViT-B/16,Train_Original,Sketch,square,1.0,0.3488,1.0,0.5172
ViT-B/16,Train_Original,Sketch,table,0.95,0.9828,0.95,0.9661
ViT-B/16,Train_Original,Sketch,triangle,0.6833,0.9762,0.6833,0.8039
ViT-B/16,Train_Original,Silhouette,car,0.0167,1.0,0.0167,0.0328
ViT-B/16,Train_Original,Silhouette,cat,0.0333,1.0,0.0333,0.0645
ViT-B/16,Train_Original,Silhouette,chair,0.9667,0.6824,0.9667,0.8
ViT-B/16,Train_Original,Silhouette,circle,1.0,0.8696,1.0,0.9302
ViT-B/16,Train_Original,Silhouette,cup,0.0167,0.3333,0.0167,0.0317
ViT-B/16,Train_Original,Silhouette,dog,0.55,0.3837,0.55,0.4521
ViT-B/16,Train_Original,Silhouette,rectangle,0.5167,0.1649,0.5167,0.25
ViT-B/16,Train_Original,Silhouette,square,0.8,0.5106,0.8,0.6234
ViT-B/16,Train_Original,Silhouette,table,0.0833,1.0,0.0833,0.1538
ViT-B/16,Train_Original,Silhouette,triangle,1.0,0.8955,1.0,0.9449
ViT-B/16,Train_Original,ColorTint_Red,car,0.9333,1.0,0.9333,0.9655
ViT-B/16,Train_Original,ColorTint_Red,cat,0.7833,0.9038,0.7833,0.8393
ViT-B/16,Train_Original,ColorTint_Red,chair,1.0,0.9375,1.0,0.9677
ViT-B/16,Train_Original,ColorTint_Red,circle,1.0,0.9836,1.0,0.9917
ViT-B/16,Train_Original,ColorTint_Red,cup,0.95,0.8028,0.95,0.8702
ViT-B/16,Train_Original,ColorTint_Red,dog,0.85,0.8644,0.85,0.8571
ViT-B/16,Train_Original,ColorTint_Red,rectangle,0.5167,0.8378,0.5167,0.6392
ViT-B/16,Train_Original,ColorTint_Red,square,0.9,0.6429,0.9,0.75
ViT-B/16,Train_Original,ColorTint_Red,table,0.9333,1.0,0.9333,0.9655
ViT-B/16,Train_Original,ColorTint_Red,triangle,1.0,1.0,1.0,1.0
ViT-B/16,Train_Original,ColorTint_Green,car,0.8833,1.0,0.8833,0.9381
ViT-B/16,Train_Original,ColorTint_Green,cat,0.7833,0.9038,0.7833,0.8393
ViT-B/16,Train_Original,ColorTint_Green,chair,1.0,0.9677,1.0,0.9836
ViT-B/16,Train_Original,ColorTint_Green,circle,1.0,0.9836,1.0,0.9917
ViT-B/16,Train_Original,ColorTint_Green,cup,1.0,0.6742,1.0,0.8054
ViT-B/16,Train_Original,ColorTint_Green,dog,0.6833,0.9318,0.6833,0.7885
ViT-B/16,Train_Original,ColorTint_Green,rectangle,0.6333,0.5938,0.6333,0.6129
ViT-B/16,Train_Original,ColorTint_Green,square,0.5667,0.5965,0.5667,0.5812
ViT-B/16,Train_Original,ColorTint_Green,table,0.9667,1.0,0.9667,0.9831
ViT-B/16,Train_Original,ColorTint_Green,triangle,1.0,1.0,1.0,1.0
ViT-B/16,Train_Original,ColorTint_Blue,car,0.9167,1.0,0.9167,0.9565
ViT-B/16,Train_Original,ColorTint_Blue,cat,0.7,0.8936,0.7,0.785
ViT-B/16,Train_Original,ColorTint_Blue,chair,1.0,0.9524,1.0,0.9756
ViT-B/16,Train_Original,ColorTint_Blue,circle,1.0,0.9836,1.0,0.9917
ViT-B/16,Train_Original,ColorTint_Blue,cup,0.9333,0.6747,0.9333,0.7832
ViT-B/16,Train_Original,ColorTint_Blue,dog,0.7333,0.8148,0.7333,0.7719
ViT-B/16,Train_Original,ColorTint_Blue,rectangle,0.4667,0.875,0.4667,0.6087
ViT-B/16,Train_Original,ColorTint_Blue,square,0.9333,0.6292,0.9333,0.7517
ViT-B/16,Train_Original,ColorTint_Blue,table,0.9333,1.0,0.9333,0.9655
ViT-B/16,Train_Original,ColorTint_Blue,triangle,1.0,1.0,1.0,1.0
ViT-B/16,Train_Outline,Original,car,0.9833,0.9516,0.9833,0.9672
ViT-B/16,Train_Outline,Original,cat,0.8667,0.7536,0.8667,0.8062
ViT-B/16,Train_Outline,Original,chair,1.0,1.0,1.0,1.0
ViT-B/16,Train_Outline,Original,circle,0.9667,0.9831,0.9667,0.9748
ViT-B/16,Train_Outline,Original,cup,0.6333,0.8085,0.6333,0.7103
ViT-B/16,Train_Outline,Original,dog,0.7667,0.7419,0.7667,0.7541
ViT-B/16,Train_Outline,Original,rectangle,0.4833,0.8529,0.4833,0.617
ViT-B/16,Train_Outline,Original,square,0.9167,0.6395,0.9167,0.7534
ViT-B/16,Train_Outline,Original,table,1.0,0.9677,1.0,0.9836
ViT-B/16,Train_Outline,Original,triangle,0.9833,1.0,0.9833,0.9916
ViT-B/16,Train_Outline,Outline,car,0.9333,0.8485,0.9333,0.8889
ViT-B/16,Train_Outline,Outline,cat,0.8667,0.6118,0.8667,0.7172
ViT-B/16,Train_Outline,Outline,chair,1.0,0.9836,1.0,0.9917
ViT-B/16,Train_Outline,Outline,circle,0.8667,0.9811,0.8667,0.9204
ViT-B/16,Train_Outline,Outline,cup,0.75,0.9574,0.75,0.8411
ViT-B/16,Train_Outline,Outline,dog,0.5167,0.7949,0.5167,0.6263
ViT-B/16,Train_Outline,Outline,rectangle,0.7833,0.5529,0.7833,0.6483
ViT-B/16,Train_Outline,Outline,square,0.6667,0.7547,0.6667,0.708
ViT-B/16,Train_Outline,Outline,table,1.0,1.0,1.0,1.0
ViT-B/16,Train_Outline,Outline,triangle,0.85,1.0,0.85,0.9189
ViT-B/16,Train_Outline,Dotted,car,0.7833,0.8704,0.7833,0.8246
ViT-B/16,Train_Outline,Dotted,cat,0.9833,0.326,0.9833,0.4896
ViT-B/16,Train_Outline,Dotted,chair,0.75,1.0,0.75,0.8571
ViT-B/16,Train_Outline,Dotted,circle,0.6667,1.0,0.6667,0.8
ViT-B/16,Train_Outline,Dotted,cup,0.2833,0.7391,0.2833,0.4096
ViT-B/16,Train_Outline,Dotted,dog,0.2,0.5714,0.2,0.2963
ViT-B/16,Train_Outline,Dotted,rectangle,0.5167,0.4921,0.5167,0.5041
ViT-B/16,Train_Outline,Dotted,square,0.75,0.6081,0.75,0.6716
ViT-B/16,Train_Outline,Dotted,table,0.95,0.9828,0.95,0.9661
ViT-B/16,Train_Outline,Dotted,triangle,0.6833,1.0,0.6833,0.8119
ViT-B/16,Train_Outline,Dashed,car,0.9333,0.9333,0.9333,0.9333
ViT-B/16,Train_Outline,Dashed,cat,0.8667,0.619,0.8667,0.7222
ViT-B/16,Train_Outline,Dashed,chair,1.0,1.0,1.0,1.0
ViT-B/16,Train_Outline,Dashed,circle,0.8667,1.0,0.8667,0.9286
ViT-B/16,Train_Outline,Dashed,cup,0.85,0.9444,0.85,0.8947
ViT-B/16,Train_Outline,Dashed,dog,0.55,0.8049,0.55,0.6535
ViT-B/16,Train_Outline,Dashed,rectangle,0.7833,0.5529,0.7833,0.6483
ViT-B/16,Train_Outline,Dashed,square,0.6667,0.7547,0.6667,0.708
ViT-B/16,Train_Outline,Dashed,table,1.0,1.0,1.0,1.0
ViT-B/16,Train_Outline,Dashed,triangle,0.85,1.0,0.85,0.9189
ViT-B/16,Train_Outline,Sketch,car,0.8333,0.8333,0.8333,0.8333
ViT-B/16,Train_Outline,Sketch,cat,0.6833,0.5694,0.6833,0.6212
ViT-B/16,Train_Outline,Sketch,chair,0.9833,1.0,0.9833,0.9916
ViT-B/16,Train_Outline,Sketch,circle,0.9333,0.9825,0.9333,0.9573
ViT-B/16,Train_Outline,Sketch,cup,0.5333,0.2602,0.5333,0.3497
ViT-B/16,Train_Outline,Sketch,dog,0.7833,0.6026,0.7833,0.6812
ViT-B/16,Train_Outline,Sketch,rectangle,0.2833,0.6296,0.2833,0.3908
ViT-B/16,Train_Outline,Sketch,square,0.1,0.8571,0.1,0.1791
ViT-B/16,Train_Outline,Sketch,table,1.0,0.9836,1.0,0.9917
ViT-B/16,Train_Outline,Sketch,triangle,0.9333,1.0,0.9333,0.9655
ViT-B/16,Train_Outline,Silhouette,car,0.3167,1.0,0.3167,0.481
ViT-B/16,Train_Outline,Silhouette,cat,0.95,0.2591,0.95,0.4071
ViT-B/16,Train_Outline,Silhouette,chair,0.4667,1.0,0.4667,0.6364
ViT-B/16,Train_Outline,Silhouette,circle,0.95,0.9828,0.95,0.9661
ViT-B/16,Train_Outline,Silhouette,cup,0.2167,0.52,0.2167,0.3059
ViT-B/16,Train_Outline,Silhouette,dog,0.0667,0.1905,0.0667,0.0988
ViT-B/16,Train_Outline,Silhouette,rectangle,0.5333,0.8205,0.5333,0.6465
ViT-B/16,Train_Outline,Silhouette,square,0.9333,0.6154,0.9333,0.7417
ViT-B/16,Train_Outline,Silhouette,table,0.6333,0.9744,0.6333,0.7677
ViT-B/16,Train_Outline,Silhouette,triangle,0.9667,0.9667,0.9667,0.9667
ViT-B/16,Train_Outline,ColorTint_Red,car,0.9833,0.9516,0.9833,0.9672
ViT-B/16,Train_Outline,ColorTint_Red,cat,0.8833,0.726,0.8833,0.797
ViT-B/16,Train_Outline,ColorTint_Red,chair,1.0,1.0,1.0,1.0
ViT-B/16,Train_Outline,ColorTint_Red,circle,0.9667,1.0,0.9667,0.9831
ViT-B/16,Train_Outline,ColorTint_Red,cup,0.7,0.84,0.7,0.7636
ViT-B/16,Train_Outline,ColorTint_Red,dog,0.7833,0.8103,0.7833,0.7966
ViT-B/16,Train_Outline,ColorTint_Red,rectangle,0.4167,0.9259,0.4167,0.5747
ViT-B/16,Train_Outline,ColorTint_Red,square,0.9667,0.6237,0.9667,0.7582
ViT-B/16,Train_Outline,ColorTint_Red,table,1.0,1.0,1.0,1.0
ViT-B/16,Train_Outline,ColorTint_Red,triangle,0.9833,1.0,0.9833,0.9916
ViT-B/16,Train_Outline,ColorTint_Green,car,0.9833,0.8939,0.9833,0.9365
ViT-B/16,Train_Outline,ColorTint_Green,cat,0.85,0.7612,0.85,0.8031
ViT-B/16,Train_Outline,ColorTint_Green,chair,1.0,1.0,1.0,1.0
ViT-B/16,Train_Outline,ColorTint_Green,circle,0.9833,1.0,0.9833,0.9916
ViT-B/16,Train_Outline,ColorTint_Green,cup,0.65,0.78,0.65,0.7091
ViT-B/16,Train_Outline,ColorTint_Green,dog,0.8,0.7869,0.8,0.7934
ViT-B/16,Train_Outline,ColorTint_Green,rectangle,0.45,0.871,0.45,0.5934
ViT-B/16,Train_Outline,ColorTint_Green,square,0.9333,0.6292,0.9333,0.7517
ViT-B/16,Train_Outline,ColorTint_Green,table,1.0,1.0,1.0,1.0
ViT-B/16,Train_Outline,ColorTint_Green,triangle,0.95,1.0,0.95,0.9744
ViT-B/16,Train_Outline,ColorTint_Blue,car,0.9667,0.9508,0.9667,0.9587
ViT-B/16,Train_Outline,ColorTint_Blue,cat,0.8833,0.6883,0.8833,0.7737
ViT-B/16,Train_Outline,ColorTint_Blue,chair,0.9833,1.0,0.9833,0.9916
ViT-B/16,Train_Outline,ColorTint_Blue,circle,0.9333,1.0,0.9333,0.9655
ViT-B/16,Train_Outline,ColorTint_Blue,cup,0.65,0.7959,0.65,0.7156
ViT-B/16,Train_Outline,ColorTint_Blue,dog,0.7667,0.7797,0.7667,0.7731
ViT-B/16,Train_Outline,ColorTint_Blue,rectangle,0.4,0.96,0.4,0.5647
ViT-B/16,Train_Outline,ColorTint_Blue,square,0.9833,0.6211,0.9833,0.7613
ViT-B/16,Train_Outline,ColorTint_Blue,table,1.0,1.0,1.0,1.0
ViT-B/16,Train_Outline,ColorTint_Blue,triangle,0.9833,1.0,0.9833,0.9916
ViT-B/16,Train_Dotted,Original,car,0.9833,1.0,0.9833,0.9916
ViT-B/16,Train_Dotted,Original,cat,0.05,1.0,0.05,0.0952
ViT-B/16,Train_Dotted,Original,chair,1.0,0.9677,1.0,0.9836
ViT-B/16,Train_Dotted,Original,circle,0.95,1.0,0.95,0.9744
ViT-B/16,Train_Dotted,Original,cup,0.9833,0.3278,0.9833,0.4917
ViT-B/16,Train_Dotted,Original,dog,0.0167,1.0,0.0167,0.0328
ViT-B/16,Train_Dotted,Original,rectangle,0.6833,0.6308,0.6833,0.656
ViT-B/16,Train_Dotted,Original,square,0.6,0.6545,0.6,0.6261
ViT-B/16,Train_Dotted,Original,table,0.9833,1.0,0.9833,0.9916
ViT-B/16,Train_Dotted,Original,triangle,0.9833,1.0,0.9833,0.9916
ViT-B/16,Train_Dotted,Outline,car,0.7333,0.7857,0.7333,0.7586
ViT-B/16,Train_Dotted,Outline,cat,0.7333,0.6769,0.7333,0.704
ViT-B/16,Train_Dotted,Outline,chair,1.0,0.6818,1.0,0.8108
ViT-B/16,Train_Dotted,Outline,circle,0.8333,1.0,0.8333,0.9091
ViT-B/16,Train_Dotted,Outline,cup,0.7167,0.6324,0.7167,0.6719
ViT-B/16,Train_Dotted,Outline,dog,0.5167,0.7561,0.5167,0.6139
ViT-B/16,Train_Dotted,Outline,rectangle,0.3833,0.4107,0.3833,0.3966
ViT-B/16,Train_Dotted,Outline,square,0.7167,0.6615,0.7167,0.688
ViT-B/16,Train_Dotted,Outline,table,1.0,0.8824,1.0,0.9375
ViT-B/16,Train_Dotted,Outline,triangle,0.7167,1.0,0.7167,0.835
ViT-B/16,Train_Dotted,Dotted,car,0.9333,1.0,0.9333,0.9655
ViT-B/16,Train_Dotted,Dotted,cat,0.6833,0.6833,0.6833,0.6833
ViT-B/16,Train_Dotted,Dotted,chair,1.0,0.8955,1.0,0.9449
ViT-B/16,Train_Dotted,Dotted,circle,0.8333,1.0,0.8333,0.9091
ViT-B/16,Train_Dotted,Dotted,cup,0.95,0.95,0.95,0.95
ViT-B/16,Train_Dotted,Dotted,dog,0.7167,0.7167,0.7167,0.7167
ViT-B/16,Train_Dotted,Dotted,rectangle,0.4167,0.4902,0.4167,0.4505
ViT-B/16,Train_Dotted,Dotted,square,0.8667,0.5977,0.8667,0.7075
ViT-B/16,Train_Dotted,Dotted,table,0.9333,1.0,0.9333,0.9655
ViT-B/16,Train_Dotted,Dotted,triangle,0.85,0.9623,0.85,0.9027
ViT-B/16,Train_Dotted,Dashed,car,0.65,0.8478,0.65,0.7358
ViT-B/16,Train_Dotted,Dashed,cat,0.65,0.6964,0.65,0.6724
ViT-B/16,Train_Dotted,Dashed,chair,1.0,0.7692,1.0,0.8696
ViT-B/16,Train_Dotted,Dashed,circle,0.8667,1.0,0.8667,0.9286
ViT-B/16,Train_Dotted,Dashed,cup,0.7833,0.4563,0.7833,0.5767
ViT-B/16,Train_Dotted,Dashed,dog,0.3,0.6429,0.3,0.4091
ViT-B/16,Train_Dotted,Dashed,rectangle,0.3833,0.4107,0.3833,0.3966
ViT-B/16,Train_Dotted,Dashed,square,0.8,0.6575,0.8,0.7218
ViT-B/16,Train_Dotted,Dashed,table,0.9833,0.9219,0.9833,0.9516
ViT-B/16,Train_Dotted,Dashed,triangle,0.7333,1.0,0.7333,0.8462
ViT-B/16,Train_Dotted,Sketch,car,0.9333,0.9333,0.9333,0.9333
ViT-B/16,Train_Dotted,Sketch,cat,0.0833,0.8333,0.0833,0.1515
ViT-B/16,Train_Dotted,Sketch,chair,1.0,0.7895,1.0,0.8824
ViT-B/16,Train_Dotted,Sketch,circle,0.8833,1.0,0.8833,0.9381
ViT-B/16,Train_Dotted,Sketch,cup,0.9167,0.206,0.9167,0.3364
ViT-B/16,Train_Dotted,Sketch,dog,0.0667,0.8,0.0667,0.1231
ViT-B/16,Train_Dotted,Sketch,rectangle,0.1833,0.6111,0.1833,0.2821
ViT-B/16,Train_Dotted,Sketch,square,0.0,0.0,0.0,0.0
ViT-B/16,Train_Dotted,Sketch,table,0.9667,0.9831,0.9667,0.9748
ViT-B/16,Train_Dotted,Sketch,triangle,0.9,0.9643,0.9,0.931
ViT-B/16,Train_Dotted,Silhouette,car,0.6833,0.9535,0.6833,0.7961
ViT-B/16,Train_Dotted,Silhouette,cat,0.65,0.4643,0.65,0.5417
ViT-B/16,Train_Dotted,Silhouette,chair,1.0,0.5505,1.0,0.7101
ViT-B/16,Train_Dotted,Silhouette,circle,0.3833,1.0,0.3833,0.5542
ViT-B/16,Train_Dotted,Silhouette,cup,0.5,0.2857,0.5,0.3636
ViT-B/16,Train_Dotted,Silhouette,dog,0.1333,0.5714,0.1333,0.2162
ViT-B/16,Train_Dotted,Silhouette,rectangle,0.5833,0.6604,0.5833,0.6195
ViT-B/16,Train_Dotted,Silhouette,square,0.7,0.5915,0.7,0.6412
ViT-B/16,Train_Dotted,Silhouette,table,0.6,0.9474,0.6,0.7347
ViT-B/16,Train_Dotted,Silhouette,triangle,1.0,1.0,1.0,1.0
ViT-B/16,Train_Dotted,ColorTint_Red,car,1.0,1.0,1.0,1.0
ViT-B/16,Train_Dotted,ColorTint_Red,cat,0.15,1.0,0.15,0.2609
ViT-B/16,Train_Dotted,ColorTint_Red,chair,1.0,0.9375,1.0,0.9677
ViT-B/16,Train_Dotted,ColorTint_Red,circle,0.9333,1.0,0.9333,0.9655
ViT-B/16,Train_Dotted,ColorTint_Red,cup,0.9833,0.343,0.9833,0.5086
ViT-B/16,Train_Dotted,ColorTint_Red,dog,0.0333,1.0,0.0333,0.0645
ViT-B/16,Train_Dotted,ColorTint_Red,rectangle,0.5667,0.6538,0.5667,0.6071
ViT-B/16,Train_Dotted,ColorTint_Red,square,0.7,0.6176,0.7,0.6562
ViT-B/16,Train_Dotted,ColorTint_Red,table,0.95,1.0,0.95,0.9744
ViT-B/16,Train_Dotted,ColorTint_Red,triangle,1.0,1.0,1.0,1.0
ViT-B/16,Train_Dotted,ColorTint_Green,car,1.0,1.0,1.0,1.0
ViT-B/16,Train_Dotted,ColorTint_Green,cat,0.1167,1.0,0.1167,0.209
ViT-B/16,Train_Dotted,ColorTint_Green,chair,1.0,0.9231,1.0,0.96
ViT-B/16,Train_Dotted,ColorTint_Green,circle,0.95,1.0,0.95,0.9744
ViT-B/16,Train_Dotted,ColorTint_Green,cup,0.9667,0.3372,0.9667,0.5
ViT-B/16,Train_Dotted,ColorTint_Green,dog,0.0333,1.0,0.0333,0.0645
ViT-B/16,Train_Dotted,ColorTint_Green,rectangle,0.5833,0.6863,0.5833,0.6306
ViT-B/16,Train_Dotted,ColorTint_Green,square,0.7333,0.6377,0.7333,0.6822
ViT-B/16,Train_Dotted,ColorTint_Green,table,0.9667,1.0,0.9667,0.9831
ViT-B/16,Train_Dotted,ColorTint_Green,triangle,0.9833,1.0,0.9833,0.9916
ViT-B/16,Train_Dotted,ColorTint_Blue,car,1.0,1.0,1.0,1.0
ViT-B/16,Train_Dotted,ColorTint_Blue,cat,0.1833,1.0,0.1833,0.3099
ViT-B/16,Train_Dotted,ColorTint_Blue,chair,1.0,0.9375,1.0,0.9677
ViT-B/16,Train_Dotted,ColorTint_Blue,circle,0.9167,1.0,0.9167,0.9565
ViT-B/16,Train_Dotted,ColorTint_Blue,cup,0.9833,0.3471,0.9833,0.513
ViT-B/16,Train_Dotted,ColorTint_Blue,dog,0.0333,0.6667,0.0333,0.0635
ViT-B/16,Train_Dotted,ColorTint_Blue,rectangle,0.5333,0.6531,0.5333,0.5872
ViT-B/16,Train_Dotted,ColorTint_Blue,square,0.7167,0.6056,0.7167,0.6565
ViT-B/16,Train_Dotted,ColorTint_Blue,table,0.95,1.0,0.95,0.9744
ViT-B/16,Train_Dotted,ColorTint_Blue,triangle,1.0,1.0,1.0,1.0
ViT-B/16,Train_Dashed,Original,car,0.9667,1.0,0.9667,0.9831
ViT-B/16,Train_Dashed,Original,cat,0.8333,0.9615,0.8333,0.8929
ViT-B/16,Train_Dashed,Original,chair,0.9667,1.0,0.9667,0.9831
ViT-B/16,Train_Dashed,Original,circle,1.0,0.9231,1.0,0.96
ViT-B/16,Train_Dashed,Original,cup,0.95,0.7037,0.95,0.8085
ViT-B/16,Train_Dashed,Original,dog,0.7,0.913,0.7,0.7925
ViT-B/16,Train_Dashed,Original,rectangle,0.8,0.6957,0.8,0.7442
ViT-B/16,Train_Dashed,Original,square,0.65,0.7647,0.65,0.7027
ViT-B/16,Train_Dashed,Original,table,1.0,1.0,1.0,1.0
ViT-B/16,Train_Dashed,Original,triangle,1.0,1.0,1.0,1.0
ViT-B/16,Train_Dashed,Outline,car,0.9,1.0,0.9,0.9474
ViT-B/16,Train_Dashed,Outline,cat,0.95,0.6333,0.95,0.76
ViT-B/16,Train_Dashed,Outline,chair,0.9667,1.0,0.9667,0.9831
ViT-B/16,Train_Dashed,Outline,circle,0.8667,0.9811,0.8667,0.9204
ViT-B/16,Train_Dashed,Outline,cup,0.9667,0.9206,0.9667,0.9431
ViT-B/16,Train_Dashed,Outline,dog,0.5,0.8824,0.5,0.6383
ViT-B/16,Train_Dashed,Outline,rectangle,0.55,0.541,0.55,0.5455
ViT-B/16,Train_Dashed,Outline,square,0.8167,0.6447,0.8167,0.7206
ViT-B/16,Train_Dashed,Outline,table,1.0,1.0,1.0,1.0
ViT-B/16,Train_Dashed,Outline,triangle,0.85,1.0,0.85,0.9189
ViT-B/16,Train_Dashed,Dotted,car,0.5333,1.0,0.5333,0.6957
ViT-B/16,Train_Dashed,Dotted,cat,0.95,0.4488,0.95,0.6096
ViT-B/16,Train_Dashed,Dotted,chair,0.6333,1.0,0.6333,0.7755
ViT-B/16,Train_Dashed,Dotted,circle,0.7667,0.9388,0.7667,0.844
ViT-B/16,Train_Dashed,Dotted,cup,0.8,0.5714,0.8,0.6667
ViT-B/16,Train_Dashed,Dotted,dog,0.3333,0.5128,0.3333,0.404
ViT-B/16,Train_Dashed,Dotted,rectangle,0.75,0.5357,0.75,0.625
ViT-B/16,Train_Dashed,Dotted,square,0.65,0.7091,0.65,0.6783
ViT-B/16,Train_Dashed,Dotted,table,0.7333,1.0,0.7333,0.8462
ViT-B/16,Train_Dashed,Dotted,triangle,0.7667,0.9583,0.7667,0.8519
ViT-B/16,Train_Dashed,Dashed,car,0.8167,1.0,0.8167,0.8991
ViT-B/16,Train_Dashed,Dashed,cat,0.95,0.6129,0.95,0.7451
ViT-B/16,Train_Dashed,Dashed,chair,0.9667,1.0,0.9667,0.9831
ViT-B/16,Train_Dashed,Dashed,circle,0.8667,1.0,0.8667,0.9286
ViT-B/16,Train_Dashed,Dashed,cup,0.9667,0.8923,0.9667,0.928
ViT-B/16,Train_Dashed,Dashed,dog,0.4667,0.8,0.4667,0.5895
ViT-B/16,Train_Dashed,Dashed,rectangle,0.65,0.5571,0.65,0.6
ViT-B/16,Train_Dashed,Dashed,square,0.7667,0.6866,0.7667,0.7244
ViT-B/16,Train_Dashed,Dashed,table,1.0,1.0,1.0,1.0
ViT-B/16,Train_Dashed,Dashed,triangle,0.85,1.0,0.85,0.9189
ViT-B/16,Train_Dashed,Sketch,car,0.8,0.9231,0.8,0.8571
ViT-B/16,Train_Dashed,Sketch,cat,0.6167,0.7708,0.6167,0.6852
ViT-B/16,Train_Dashed,Sketch,chair,0.9,1.0,0.9,0.9474
ViT-B/16,Train_Dashed,Sketch,circle,0.9333,0.9825,0.9333,0.9573
ViT-B/16,Train_Dashed,Sketch,cup,0.7167,0.2654,0.7167,0.3874
ViT-B/16,Train_Dashed,Sketch,dog,0.85,0.6071,0.85,0.7083
ViT-B/16,Train_Dashed,Sketch,rectangle,0.2833,0.6071,0.2833,0.3864
ViT-B/16,Train_Dashed,Sketch,square,0.0,0.0,0.0,0.0
ViT-B/16,Train_Dashed,Sketch,table,1.0,1.0,1.0,1.0
ViT-B/16,Train_Dashed,Sketch,triangle,0.9167,1.0,0.9167,0.9565
ViT-B/16,Train_Dashed,Silhouette,car,0.4,1.0,0.4,0.5714
ViT-B/16,Train_Dashed,Silhouette,cat,0.8667,0.4407,0.8667,0.5843
ViT-B/16,Train_Dashed,Silhouette,chair,0.5333,0.9697,0.5333,0.6882
ViT-B/16,Train_Dashed,Silhouette,circle,1.0,0.9375,1.0,0.9677
ViT-B/16,Train_Dashed,Silhouette,cup,0.5667,0.3617,0.5667,0.4416
ViT-B/16,Train_Dashed,Silhouette,dog,0.2167,0.2955,0.2167,0.25
ViT-B/16,Train_Dashed,Silhouette,rectangle,0.6667,0.6897,0.6667,0.678
ViT-B/16,Train_Dashed,Silhouette,square,0.7833,0.6912,0.7833,0.7344
ViT-B/16,Train_Dashed,Silhouette,table,0.55,1.0,0.55,0.7097
ViT-B/16,Train_Dashed,Silhouette,triangle,1.0,0.9375,1.0,0.9677
ViT-B/16,Train_Dashed,ColorTint_Red,car,0.95,1.0,0.95,0.9744
ViT-B/16,Train_Dashed,ColorTint_Red,cat,0.8,0.9057,0.8,0.8496
ViT-B/16,Train_Dashed,ColorTint_Red,chair,0.95,1.0,0.95,0.9744
ViT-B/16,Train_Dashed,ColorTint_Red,circle,1.0,0.9375,1.0,0.9677
ViT-B/16,Train_Dashed,ColorTint_Red,cup,0.9667,0.7436,0.9667,0.8406
ViT-B/16,Train_Dashed,ColorTint_Red,dog,0.75,0.8824,0.75,0.8108
ViT-B/16,Train_Dashed,ColorTint_Red,rectangle,0.6833,0.6949,0.6833,0.6891
ViT-B/16,Train_Dashed,ColorTint_Red,square,0.7,0.6885,0.7,0.6942
ViT-B/16,Train_Dashed,ColorTint_Red,table,1.0,1.0,1.0,1.0
ViT-B/16,Train_Dashed,ColorTint_Red,triangle,1.0,1.0,1.0,1.0
ViT-B/16,Train_Dashed,ColorTint_Green,car,0.95,1.0,0.95,0.9744
ViT-B/16,Train_Dashed,ColorTint_Green,cat,0.85,0.9107,0.85,0.8793
ViT-B/16,Train_Dashed,ColorTint_Green,chair,0.95,1.0,0.95,0.9744
ViT-B/16,Train_Dashed,ColorTint_Green,circle,1.0,0.9231,1.0,0.96
ViT-B/16,Train_Dashed,ColorTint_Green,cup,0.95,0.75,0.95,0.8382
ViT-B/16,Train_Dashed,ColorTint_Green,dog,0.7833,0.9592,0.7833,0.8624
ViT-B/16,Train_Dashed,ColorTint_Green,rectangle,0.6333,0.6909,0.6333,0.6609
ViT-B/16,Train_Dashed,ColorTint_Green,square,0.7167,0.6615,0.7167,0.688
ViT-B/16,Train_Dashed,ColorTint_Green,table,1.0,1.0,1.0,1.0
ViT-B/16,Train_Dashed,ColorTint_Green,triangle,1.0,1.0,1.0,1.0
ViT-B/16,Train_Dashed,ColorTint_Blue,car,0.95,1.0,0.95,0.9744
ViT-B/16,Train_Dashed,ColorTint_Blue,cat,0.7167,0.9348,0.7167,0.8113
ViT-B/16,Train_Dashed,ColorTint_Blue,chair,0.95,1.0,0.95,0.9744
ViT-B/16,Train_Dashed,ColorTint_Blue,circle,1.0,0.9524,1.0,0.9756
ViT-B/16,Train_Dashed,ColorTint_Blue,cup,0.9833,0.7195,0.9833,0.831
ViT-B/16,Train_Dashed,ColorTint_Blue,dog,0.7833,0.8393,0.7833,0.8103
ViT-B/16,Train_Dashed,ColorTint_Blue,rectangle,0.55,0.66,0.55,0.6
ViT-B/16,Train_Dashed,ColorTint_Blue,square,0.7167,0.6143,0.7167,0.6615
ViT-B/16,Train_Dashed,ColorTint_Blue,table,0.9833,1.0,0.9833,0.9916
ViT-B/16,Train_Dashed,ColorTint_Blue,triangle,1.0,1.0,1.0,1.0
ViT-B/16,Train_Sketch,Original,car,1.0,1.0,1.0,1.0
ViT-B/16,Train_Sketch,Original,cat,0.9833,0.7867,0.9833,0.8741
ViT-B/16,Train_Sketch,Original,chair,1.0,1.0,1.0,1.0
ViT-B/16,Train_Sketch,Original,circle,1.0,0.9677,1.0,0.9836
ViT-B/16,Train_Sketch,Original,cup,0.9333,0.9492,0.9333,0.9412
ViT-B/16,Train_Sketch,Original,dog,0.7,0.9545,0.7,0.8077
ViT-B/16,Train_Sketch,Original,rectangle,0.5667,0.6071,0.5667,0.5862
ViT-B/16,Train_Sketch,Original,square,0.6333,0.5938,0.6333,0.6129
ViT-B/16,Train_Sketch,Original,table,1.0,0.9836,1.0,0.9917
ViT-B/16,Train_Sketch,Original,triangle,0.9833,1.0,0.9833,0.9916
ViT-B/16,Train_Sketch,Outline,car,0.8667,0.4094,0.8667,0.5561
ViT-B/16,Train_Sketch,Outline,cat,0.1167,1.0,0.1167,0.209
ViT-B/16,Train_Sketch,Outline,chair,1.0,0.8108,1.0,0.8955
ViT-B/16,Train_Sketch,Outline,circle,0.8667,0.7429,0.8667,0.8
ViT-B/16,Train_Sketch,Outline,cup,0.4667,0.4242,0.4667,0.4444
ViT-B/16,Train_Sketch,Outline,dog,0.0,0.0,0.0,0.0
ViT-B/16,Train_Sketch,Outline,rectangle,0.2,0.9231,0.2,0.3288
ViT-B/16,Train_Sketch,Outline,square,1.0,0.4651,1.0,0.6349
ViT-B/16,Train_Sketch,Outline,table,1.0,0.9524,1.0,0.9756
ViT-B/16,Train_Sketch,Outline,triangle,0.8333,0.9804,0.8333,0.9009
ViT-B/16,Train_Sketch,Dotted,car,0.9333,0.5385,0.9333,0.6829
ViT-B/16,Train_Sketch,Dotted,cat,0.2667,0.6154,0.2667,0.3721
ViT-B/16,Train_Sketch,Dotted,chair,0.95,1.0,0.95,0.9744
ViT-B/16,Train_Sketch,Dotted,circle,0.8667,0.6933,0.8667,0.7704
ViT-B/16,Train_Sketch,Dotted,cup,0.4333,0.963,0.4333,0.5977
ViT-B/16,Train_Sketch,Dotted,dog,0.1333,0.5714,0.1333,0.2162
ViT-B/16,Train_Sketch,Dotted,rectangle,0.0833,1.0,0.0833,0.1538
ViT-B/16,Train_Sketch,Dotted,square,0.1333,0.2222,0.1333,0.1667
ViT-B/16,Train_Sketch,Dotted,table,0.95,0.95,0.95,0.95
ViT-B/16,Train_Sketch,Dotted,triangle,0.85,0.2602,0.85,0.3984
ViT-B/16,Train_Sketch,Dashed,car,0.6833,0.4227,0.6833,0.5223
ViT-B/16,Train_Sketch,Dashed,cat,0.15,0.9,0.15,0.2571
ViT-B/16,Train_Sketch,Dashed,chair,1.0,0.9231,1.0,0.96
ViT-B/16,Train_Sketch,Dashed,circle,0.8667,0.6753,0.8667,0.7591
ViT-B/16,Train_Sketch,Dashed,cup,0.4333,0.2766,0.4333,0.3377
ViT-B/16,Train_Sketch,Dashed,dog,0.0,0.0,0.0,0.0
ViT-B/16,Train_Sketch,Dashed,rectangle,0.1667,0.9091,0.1667,0.2817
ViT-B/16,Train_Sketch,Dashed,square,0.9667,0.4462,0.9667,0.6105
ViT-B/16,Train_Sketch,Dashed,table,1.0,0.9231,1.0,0.96
ViT-B/16,Train_Sketch,Dashed,triangle,0.85,1.0,0.85,0.9189
ViT-B/16,Train_Sketch,Sketch,car,1.0,0.9524,1.0,0.9756
ViT-B/16,Train_Sketch,Sketch,cat,0.9167,0.6962,0.9167,0.7914
ViT-B/16,Train_Sketch,Sketch,chair,1.0,0.9836,1.0,0.9917
ViT-B/16,Train_Sketch,Sketch,circle,1.0,0.9524,1.0,0.9756
ViT-B/16,Train_Sketch,Sketch,cup,0.85,0.9623,0.85,0.9027
ViT-B/16,Train_Sketch,Sketch,dog,0.55,0.8049,0.55,0.6535
ViT-B/16,Train_Sketch,Sketch,rectangle,0.6167,0.5781,0.6167,0.5968
ViT-B/16,Train_Sketch,Sketch,square,0.55,0.5893,0.55,0.569
ViT-B/16,Train_Sketch,Sketch,table,1.0,0.9677,1.0,0.9836
ViT-B/16,Train_Sketch,Sketch,triangle,0.9667,1.0,0.9667,0.9831
ViT-B/16,Train_Sketch,Silhouette,car,0.9167,0.6044,0.9167,0.7285
ViT-B/16,Train_Sketch,Silhouette,cat,0.4833,0.5179,0.4833,0.5
ViT-B/16,Train_Sketch,Silhouette,chair,0.9167,0.9016,0.9167,0.9091
ViT-B/16,Train_Sketch,Silhouette,circle,1.0,0.9231,1.0,0.96
ViT-B/16,Train_Sketch,Silhouette,cup,0.4,0.4706,0.4,0.4324
ViT-B/16,Train_Sketch,Silhouette,dog,0.1667,0.4348,0.1667,0.241
ViT-B/16,Train_Sketch,Silhouette,rectangle,0.5,0.4762,0.5,0.4878
ViT-B/16,Train_Sketch,Silhouette,square,0.6167,0.5522,0.6167,0.5827
ViT-B/16,Train_Sketch,Silhouette,table,0.8833,0.8548,0.8833,0.8689
ViT-B/16,Train_Sketch,Silhouette,triangle,0.9667,0.9508,0.9667,0.9587
ViT-B/16,Train_Sketch,ColorTint_Red,car,1.0,0.9231,1.0,0.96
ViT-B/16,Train_Sketch,ColorTint_Red,cat,0.9167,0.7639,0.9167,0.8333
ViT-B/16,Train_Sketch,ColorTint_Red,chair,0.9667,1.0,0.9667,0.9831
ViT-B/16,Train_Sketch,ColorTint_Red,circle,1.0,0.9836,1.0,0.9917
ViT-B/16,Train_Sketch,ColorTint_Red,cup,0.9167,0.9483,0.9167,0.9322
ViT-B/16,Train_Sketch,ColorTint_Red,dog,0.6667,0.8889,0.6667,0.7619
ViT-B/16,Train_Sketch,ColorTint_Red,rectangle,0.5167,0.5962,0.5167,0.5536
ViT-B/16,Train_Sketch,ColorTint_Red,square,0.65,0.5735,0.65,0.6094
ViT-B/16,Train_Sketch,ColorTint_Red,table,1.0,0.9677,1.0,0.9836
ViT-B/16,Train_Sketch,ColorTint_Red,triangle,0.9833,1.0,0.9833,0.9916
ViT-B/16,Train_Sketch,ColorTint_Green,car,0.9833,0.9516,0.9833,0.9672
ViT-B/16,Train_Sketch,ColorTint_Green,cat,0.9667,0.7532,0.9667,0.8467
ViT-B/16,Train_Sketch,ColorTint_Green,chair,0.95,1.0,0.95,0.9744
ViT-B/16,Train_Sketch,ColorTint_Green,circle,1.0,0.9836,1.0,0.9917
ViT-B/16,Train_Sketch,ColorTint_Green,cup,0.95,0.9194,0.95,0.9344
ViT-B/16,Train_Sketch,ColorTint_Green,dog,0.65,0.975,0.65,0.78
ViT-B/16,Train_Sketch,ColorTint_Green,rectangle,0.7167,0.589,0.7167,0.6466
ViT-B/16,Train_Sketch,ColorTint_Green,square,0.5,0.6383,0.5,0.5607
ViT-B/16,Train_Sketch,ColorTint_Green,table,1.0,0.9677,1.0,0.9836
ViT-B/16,Train_Sketch,ColorTint_Green,triangle,0.9833,1.0,0.9833,0.9916
ViT-B/16,Train_Sketch,ColorTint_Blue,car,0.9833,0.9516,0.9833,0.9672
ViT-B/16,Train_Sketch,ColorTint_Blue,cat,0.9333,0.7467,0.9333,0.8296
ViT-B/16,Train_Sketch,ColorTint_Blue,chair,0.9333,1.0,0.9333,0.9655
ViT-B/16,Train_Sketch,ColorTint_Blue,circle,1.0,0.9836,1.0,0.9917
ViT-B/16,Train_Sketch,ColorTint_Blue,cup,0.95,0.9194,0.95,0.9344
ViT-B/16,Train_Sketch,ColorTint_Blue,dog,0.6667,0.9302,0.6667,0.7767
ViT-B/16,Train_Sketch,ColorTint_Blue,rectangle,0.55,0.6111,0.55,0.5789
ViT-B/16,Train_Sketch,ColorTint_Blue,square,0.65,0.5909,0.65,0.619
ViT-B/16,Train_Sketch,ColorTint_Blue,table,1.0,0.9677,1.0,0.9836
ViT-B/16,Train_Sketch,ColorTint_Blue,triangle,0.9833,1.0,0.9833,0.9916
ViT-B/16,Train_Silhouette,Original,car,0.9833,1.0,0.9833,0.9916
ViT-B/16,Train_Silhouette,Original,cat,0.4,0.8571,0.4,0.5455
ViT-B/16,Train_Silhouette,Original,chair,0.95,1.0,0.95,0.9744
ViT-B/16,Train_Silhouette,Original,circle,1.0,0.9524,1.0,0.9756
ViT-B/16,Train_Silhouette,Original,cup,0.9167,0.3929,0.9167,0.55
ViT-B/16,Train_Silhouette,Original,dog,0.1167,1.0,0.1167,0.209
ViT-B/16,Train_Silhouette,Original,rectangle,0.2,1.0,0.2,0.3333
ViT-B/16,Train_Silhouette,Original,square,1.0,0.5556,1.0,0.7143
ViT-B/16,Train_Silhouette,Original,table,1.0,0.9091,1.0,0.9524
ViT-B/16,Train_Silhouette,Original,triangle,1.0,1.0,1.0,1.0
ViT-B/16,Train_Silhouette,Outline,car,0.7833,0.9216,0.7833,0.8468
ViT-B/16,Train_Silhouette,Outline,cat,0.0,0.0,0.0,0.0
ViT-B/16,Train_Silhouette,Outline,chair,0.9667,1.0,0.9667,0.9831
ViT-B/16,Train_Silhouette,Outline,circle,0.8,1.0,0.8,0.8889
ViT-B/16,Train_Silhouette,Outline,cup,0.4833,0.1895,0.4833,0.2723
ViT-B/16,Train_Silhouette,Outline,dog,0.0,0.0,0.0,0.0
ViT-B/16,Train_Silhouette,Outline,rectangle,0.0,0.0,0.0,0.0
ViT-B/16,Train_Silhouette,Outline,square,1.0,0.339,1.0,0.5063
ViT-B/16,Train_Silhouette,Outline,table,1.0,0.9677,1.0,0.9836
ViT-B/16,Train_Silhouette,Outline,triangle,0.85,1.0,0.85,0.9189
ViT-B/16,Train_Silhouette,Dotted,car,0.8833,0.9138,0.8833,0.8983
ViT-B/16,Train_Silhouette,Dotted,cat,0.0,0.0,0.0,0.0
ViT-B/16,Train_Silhouette,Dotted,chair,0.9,0.9,0.9,0.9
ViT-B/16,Train_Silhouette,Dotted,circle,0.0,0.0,0.0,0.0
ViT-B/16,Train_Silhouette,Dotted,cup,0.7333,0.1648,0.7333,0.2691
ViT-B/16,Train_Silhouette,Dotted,dog,0.0,0.0,0.0,0.0
ViT-B/16,Train_Silhouette,Dotted,rectangle,0.0,0.0,0.0,0.0
ViT-B/16,Train_Silhouette,Dotted,square,0.45,0.3103,0.45,0.3673
ViT-B/16,Train_Silhouette,Dotted,table,0.9833,0.5728,0.9833,0.7239
ViT-B/16,Train_Silhouette,Dotted,triangle,0.3833,0.9583,0.3833,0.5476
ViT-B/16,Train_Silhouette,Dashed,car,0.65,0.907,0.65,0.7573
ViT-B/16,Train_Silhouette,Dashed,cat,0.0,0.0,0.0,0.0
ViT-B/16,Train_Silhouette,Dashed,chair,0.9333,1.0,0.9333,0.9655
ViT-B/16,Train_Silhouette,Dashed,circle,0.6833,1.0,0.6833,0.8119
ViT-B/16,Train_Silhouette,Dashed,cup,0.45,0.1667,0.45,0.2432
ViT-B/16,Train_Silhouette,Dashed,dog,0.0,0.0,0.0,0.0
ViT-B/16,Train_Silhouette,Dashed,rectangle,0.0,0.0,0.0,0.0
ViT-B/16,Train_Silhouette,Dashed,square,1.0,0.3261,1.0,0.4918
ViT-B/16,Train_Silhouette,Dashed,table,1.0,0.9524,1.0,0.9756
ViT-B/16,Train_Silhouette,Dashed,triangle,0.85,1.0,0.85,0.9189
ViT-B/16,Train_Silhouette,Sketch,car,0.9333,0.9492,0.9333,0.9412
ViT-B/16,Train_Silhouette,Sketch,cat,0.0,0.0,0.0,0.0
ViT-B/16,Train_Silhouette,Sketch,chair,0.9333,0.9655,0.9333,0.9492
ViT-B/16,Train_Silhouette,Sketch,circle,0.6,0.9474,0.6,0.7347
ViT-B/16,Train_Silhouette,Sketch,cup,0.9167,0.2778,0.9167,0.4264
ViT-B/16,Train_Silhouette,Sketch,dog,0.0,0.0,0.0,0.0
ViT-B/16,Train_Silhouette,Sketch,rectangle,0.0,0.0,0.0,0.0
ViT-B/16,Train_Silhouette,Sketch,square,0.9667,0.4715,0.9667,0.6339
ViT-B/16,Train_Silhouette,Sketch,table,1.0,0.8333,1.0,0.9091
ViT-B/16,Train_Silhouette,Sketch,triangle,0.8167,1.0,0.8167,0.8991
ViT-B/16,Train_Silhouette,Silhouette,car,0.85,1.0,0.85,0.9189
ViT-B/16,Train_Silhouette,Silhouette,cat,0.7833,0.5222,0.7833,0.6267
ViT-B/16,Train_Silhouette,Silhouette,chair,0.9833,1.0,0.9833,0.9916
ViT-B/16,Train_Silhouette,Silhouette,circle,1.0,0.9836,1.0,0.9917
ViT-B/16,Train_Silhouette,Silhouette,cup,0.9,0.8438,0.9,0.871
ViT-B/16,Train_Silhouette,Silhouette,dog,0.3,0.6429,0.3,0.4091
ViT-B/16,Train_Silhouette,Silhouette,rectangle,0.25,1.0,0.25,0.4
ViT-B/16,Train_Silhouette,Silhouette,square,1.0,0.5714,1.0,0.7273
ViT-B/16,Train_Silhouette,Silhouette,table,1.0,0.8955,1.0,0.9449
ViT-B/16,Train_Silhouette,Silhouette,triangle,1.0,1.0,1.0,1.0
ViT-B/16,Train_Silhouette,ColorTint_Red,car,0.9667,1.0,0.9667,0.9831
ViT-B/16,Train_Silhouette,ColorTint_Red,cat,0.5333,0.8889,0.5333,0.6667
ViT-B/16,Train_Silhouette,ColorTint_Red,chair,0.95,1.0,0.95,0.9744
ViT-B/16,Train_Silhouette,ColorTint_Red,circle,1.0,0.9677,1.0,0.9836
ViT-B/16,Train_Silhouette,ColorTint_Red,cup,0.9333,0.4275,0.9333,0.5864
ViT-B/16,Train_Silhouette,ColorTint_Red,dog,0.15,0.9,0.15,0.2571
ViT-B/16,Train_Silhouette,ColorTint_Red,rectangle,0.2833,1.0,0.2833,0.4416
ViT-B/16,Train_Silhouette,ColorTint_Red,square,0.9667,0.5859,0.9667,0.7296
ViT-B/16,Train_Silhouette,ColorTint_Red,table,1.0,0.8571,1.0,0.9231
ViT-B/16,Train_Silhouette,ColorTint_Red,triangle,1.0,1.0,1.0,1.0
ViT-B/16,Train_Silhouette,ColorTint_Green,car,0.9667,1.0,0.9667,0.9831
ViT-B/16,Train_Silhouette,ColorTint_Green,cat,0.4667,0.8485,0.4667,0.6022
ViT-B/16,Train_Silhouette,ColorTint_Green,chair,0.95,1.0,0.95,0.9744
ViT-B/16,Train_Silhouette,ColorTint_Green,circle,1.0,0.9677,1.0,0.9836
ViT-B/16,Train_Silhouette,ColorTint_Green,cup,0.9333,0.4211,0.9333,0.5803
ViT-B/16,Train_Silhouette,ColorTint_Green,dog,0.1833,1.0,0.1833,0.3099
ViT-B/16,Train_Silhouette,ColorTint_Green,rectangle,0.2,1.0,0.2,0.3333
ViT-B/16,Train_Silhouette,ColorTint_Green,square,1.0,0.5556,1.0,0.7143
ViT-B/16,Train_Silhouette,ColorTint_Green,table,1.0,0.9091,1.0,0.9524
ViT-B/16,Train_Silhouette,ColorTint_Green,triangle,1.0,1.0,1.0,1.0
ViT-B/16,Train_Silhouette,ColorTint_Blue,car,0.9667,1.0,0.9667,0.9831
ViT-B/16,Train_Silhouette,ColorTint_Blue,cat,0.5333,0.8649,0.5333,0.6598
ViT-B/16,Train_Silhouette,ColorTint_Blue,chair,0.95,1.0,0.95,0.9744
ViT-B/16,Train_Silhouette,ColorTint_Blue,circle,1.0,0.9677,1.0,0.9836
ViT-B/16,Train_Silhouette,ColorTint_Blue,cup,0.9333,0.4444,0.9333,0.6022
ViT-B/16,Train_Silhouette,ColorTint_Blue,dog,0.2,0.8571,0.2,0.3243
ViT-B/16,Train_Silhouette,ColorTint_Blue,rectangle,0.1833,1.0,0.1833,0.3099
ViT-B/16,Train_Silhouette,ColorTint_Blue,square,0.95,0.5534,0.95,0.6994
ViT-B/16,Train_Silhouette,ColorTint_Blue,table,1.0,0.8333,1.0,0.9091
ViT-B/16,Train_Silhouette,ColorTint_Blue,triangle,1.0,1.0,1.0,1.0
ViT-B/16,Train_ColorTint_Red,Original,car,1.0,1.0,1.0,1.0
ViT-B/16,Train_ColorTint_Red,Original,cat,0.9167,0.9322,0.9167,0.9244
ViT-B/16,Train_ColorTint_Red,Original,chair,1.0,1.0,1.0,1.0
ViT-B/16,Train_ColorTint_Red,Original,circle,1.0,0.9677,1.0,0.9836
ViT-B/16,Train_ColorTint_Red,Original,cup,0.9667,0.8923,0.9667,0.928
ViT-B/16,Train_ColorTint_Red,Original,dog,0.8667,0.9455,0.8667,0.9043
ViT-B/16,Train_ColorTint_Red,Original,rectangle,0.6167,0.7708,0.6167,0.6852
ViT-B/16,Train_ColorTint_Red,Original,square,0.8167,0.6806,0.8167,0.7424
ViT-B/16,Train_ColorTint_Red,Original,table,1.0,1.0,1.0,1.0
ViT-B/16,Train_ColorTint_Red,Original,triangle,0.9833,1.0,0.9833,0.9916
ViT-B/16,Train_ColorTint_Red,Outline,car,0.0,0.0,0.0,0.0
ViT-B/16,Train_ColorTint_Red,Outline,cat,0.0,0.0,0.0,0.0
ViT-B/16,Train_ColorTint_Red,Outline,chair,0.75,0.9783,0.75,0.8491
ViT-B/16,Train_ColorTint_Red,Outline,circle,0.8667,0.9123,0.8667,0.8889
ViT-B/16,Train_ColorTint_Red,Outline,cup,0.4667,0.1373,0.4667,0.2121
ViT-B/16,Train_ColorTint_Red,Outline,dog,0.0,0.0,0.0,0.0
ViT-B/16,Train_ColorTint_Red,Outline,rectangle,0.4167,0.2874,0.4167,0.3401
ViT-B/16,Train_ColorTint_Red,Outline,square,0.85,0.5795,0.85,0.6892
ViT-B/16,Train_ColorTint_Red,Outline,table,0.9333,0.9333,0.9333,0.9333
ViT-B/16,Train_ColorTint_Red,Outline,triangle,0.85,0.9273,0.85,0.887
ViT-B/16,Train_ColorTint_Red,Dotted,car,0.1,1.0,0.1,0.1818
ViT-B/16,Train_ColorTint_Red,Dotted,cat,0.0333,0.1667,0.0333,0.0556
ViT-B/16,Train_ColorTint_Red,Dotted,chair,0.8833,0.8413,0.8833,0.8618
ViT-B/16,Train_ColorTint_Red,Dotted,circle,0.8667,0.8525,0.8667,0.8595
ViT-B/16,Train_ColorTint_Red,Dotted,cup,0.4667,0.2276,0.4667,0.306
ViT-B/16,Train_ColorTint_Red,Dotted,dog,0.55,0.4074,0.55,0.4681
ViT-B/16,Train_ColorTint_Red,Dotted,rectangle,0.3,0.3,0.3,0.3
ViT-B/16,Train_ColorTint_Red,Dotted,square,0.85,0.5484,0.85,0.6667
ViT-B/16,Train_ColorTint_Red,Dotted,table,0.8,0.9796,0.8,0.8807
ViT-B/16,Train_ColorTint_Red,Dotted,triangle,0.8,0.9231,0.8,0.8571
ViT-B/16,Train_ColorTint_Red,Dashed,car,0.0,0.0,0.0,0.0
ViT-B/16,Train_ColorTint_Red,Dashed,cat,0.0,0.0,0.0,0.0
ViT-B/16,Train_ColorTint_Red,Dashed,chair,0.65,1.0,0.65,0.7879
ViT-B/16,Train_ColorTint_Red,Dashed,circle,0.8667,0.8,0.8667,0.832
ViT-B/16,Train_ColorTint_Red,Dashed,cup,0.45,0.1343,0.45,0.2069
ViT-B/16,Train_ColorTint_Red,Dashed,dog,0.0,0.0,0.0,0.0
ViT-B/16,Train_ColorTint_Red,Dashed,rectangle,0.4333,0.2708,0.4333,0.3333
ViT-B/16,Train_ColorTint_Red,Dashed,square,0.85,0.5484,0.85,0.6667
ViT-B/16,Train_ColorTint_Red,Dashed,table,0.85,0.9808,0.85,0.9107
ViT-B/16,Train_ColorTint_Red,Dashed,triangle,0.8167,0.9608,0.8167,0.8829
ViT-B/16,Train_ColorTint_Red,Sketch,car,0.45,0.931,0.45,0.6067
ViT-B/16,Train_ColorTint_Red,Sketch,cat,0.5333,0.6957,0.5333,0.6038
ViT-B/16,Train_ColorTint_Red,Sketch,chair,0.9667,0.9508,0.9667,0.9587
ViT-B/16,Train_ColorTint_Red,Sketch,circle,0.8667,0.9286,0.8667,0.8966
ViT-B/16,Train_ColorTint_Red,Sketch,cup,0.75,0.5696,0.75,0.6475
ViT-B/16,Train_ColorTint_Red,Sketch,dog,0.7,0.4884,0.7,0.5753
ViT-B/16,Train_ColorTint_Red,Sketch,rectangle,0.8667,0.486,0.8667,0.6228
ViT-B/16,Train_ColorTint_Red,Sketch,square,0.2333,0.7,0.2333,0.35
ViT-B/16,Train_ColorTint_Red,Sketch,table,0.9833,0.9672,0.9833,0.9752
ViT-B/16,Train_ColorTint_Red,Sketch,triangle,0.9,0.9818,0.9,0.9391
ViT-B/16,Train_ColorTint_Red,Silhouette,car,0.4167,0.9615,0.4167,0.5814
ViT-B/16,Train_ColorTint_Red,Silhouette,cat,0.1333,0.6667,0.1333,0.2222
ViT-B/16,Train_ColorTint_Red,Silhouette,chair,0.9833,0.6941,0.9833,0.8138
ViT-B/16,Train_ColorTint_Red,Silhouette,circle,1.0,0.8955,1.0,0.9449
ViT-B/16,Train_ColorTint_Red,Silhouette,cup,0.3167,0.6129,0.3167,0.4176
ViT-B/16,Train_ColorTint_Red,Silhouette,dog,0.85,0.34,0.85,0.4857
ViT-B/16,Train_ColorTint_Red,Silhouette,rectangle,0.6667,0.7143,0.6667,0.6897
ViT-B/16,Train_ColorTint_Red,Silhouette,square,0.75,0.6818,0.75,0.7143
ViT-B/16,Train_ColorTint_Red,Silhouette,table,0.75,0.9783,0.75,0.8491
ViT-B/16,Train_ColorTint_Red,Silhouette,triangle,1.0,0.9836,1.0,0.9917
ViT-B/16,Train_ColorTint_Red,ColorTint_Red,car,0.9333,1.0,0.9333,0.9655
ViT-B/16,Train_ColorTint_Red,ColorTint_Red,cat,0.8333,0.9259,0.8333,0.8772
ViT-B/16,Train_ColorTint_Red,ColorTint_Red,chair,1.0,0.9836,1.0,0.9917
ViT-B/16,Train_ColorTint_Red,ColorTint_Red,circle,1.0,0.9836,1.0,0.9917
ViT-B/16,Train_ColorTint_Red,ColorTint_Red,cup,0.9833,0.8194,0.9833,0.8939
ViT-B/16,Train_ColorTint_Red,ColorTint_Red,dog,0.8833,0.9298,0.8833,0.906
ViT-B/16,Train_ColorTint_Red,ColorTint_Red,rectangle,0.5833,0.814,0.5833,0.6796
ViT-B/16,Train_ColorTint_Red,ColorTint_Red,square,0.8667,0.6753,0.8667,0.7591
ViT-B/16,Train_ColorTint_Red,ColorTint_Red,table,0.9833,1.0,0.9833,0.9916
ViT-B/16,Train_ColorTint_Red,ColorTint_Red,triangle,1.0,1.0,1.0,1.0
ViT-B/16,Train_ColorTint_Red,ColorTint_Green,car,0.85,1.0,0.85,0.9189
ViT-B/16,Train_ColorTint_Red,ColorTint_Green,cat,0.7167,0.9149,0.7167,0.8037
ViT-B/16,Train_ColorTint_Red,ColorTint_Green,chair,1.0,0.9677,1.0,0.9836
ViT-B/16,Train_ColorTint_Red,ColorTint_Green,circle,1.0,0.9677,1.0,0.9836
ViT-B/16,Train_ColorTint_Red,ColorTint_Green,cup,1.0,0.6122,1.0,0.7595
ViT-B/16,Train_ColorTint_Red,ColorTint_Green,dog,0.6667,0.9524,0.6667,0.7843
ViT-B/16,Train_ColorTint_Red,ColorTint_Green,rectangle,0.6833,0.6721,0.6833,0.6777
ViT-B/16,Train_ColorTint_Red,ColorTint_Green,square,0.6667,0.678,0.6667,0.6723
ViT-B/16,Train_ColorTint_Red,ColorTint_Green,table,0.9833,1.0,0.9833,0.9916
ViT-B/16,Train_ColorTint_Red,ColorTint_Green,triangle,0.9833,1.0,0.9833,0.9916
ViT-B/16,Train_ColorTint_Red,ColorTint_Blue,car,0.9167,1.0,0.9167,0.9565
ViT-B/16,Train_ColorTint_Red,ColorTint_Blue,cat,0.8167,0.8909,0.8167,0.8522
ViT-B/16,Train_ColorTint_Red,ColorTint_Blue,chair,1.0,0.9677,1.0,0.9836
ViT-B/16,Train_ColorTint_Red,ColorTint_Blue,circle,1.0,0.9836,1.0,0.9917
ViT-B/16,Train_ColorTint_Red,ColorTint_Blue,cup,1.0,0.75,1.0,0.8571
ViT-B/16,Train_ColorTint_Red,ColorTint_Blue,dog,0.7833,0.9792,0.7833,0.8704
ViT-B/16,Train_ColorTint_Red,ColorTint_Blue,rectangle,0.65,0.7647,0.65,0.7027
ViT-B/16,Train_ColorTint_Red,ColorTint_Blue,square,0.8,0.6957,0.8,0.7442
ViT-B/16,Train_ColorTint_Red,ColorTint_Blue,table,0.9833,1.0,0.9833,0.9916
ViT-B/16,Train_ColorTint_Red,ColorTint_Blue,triangle,1.0,1.0,1.0,1.0
ViT-B/16,Train_ColorTint_Green,Original,car,0.9667,1.0,0.9667,0.9831
ViT-B/16,Train_ColorTint_Green,Original,cat,0.95,0.9828,0.95,0.9661
ViT-B/16,Train_ColorTint_Green,Original,chair,1.0,1.0,1.0,1.0
ViT-B/16,Train_ColorTint_Green,Original,circle,1.0,0.9836,1.0,0.9917
ViT-B/16,Train_ColorTint_Green,Original,cup,0.9333,0.9655,0.9333,0.9492
ViT-B/16,Train_ColorTint_Green,Original,dog,0.9667,0.8923,0.9667,0.928
ViT-B/16,Train_ColorTint_Green,Original,rectangle,0.1667,0.9091,0.1667,0.2817
ViT-B/16,Train_ColorTint_Green,Original,square,0.9833,0.5364,0.9833,0.6941
ViT-B/16,Train_ColorTint_Green,Original,table,1.0,1.0,1.0,1.0
ViT-B/16,Train_ColorTint_Green,Original,triangle,0.9833,1.0,0.9833,0.9916
ViT-B/16,Train_ColorTint_Green,Outline,car,0.2333,0.7778,0.2333,0.359
ViT-B/16,Train_ColorTint_Green,Outline,cat,0.0,0.0,0.0,0.0
ViT-B/16,Train_ColorTint_Green,Outline,chair,0.7667,1.0,0.7667,0.8679
ViT-B/16,Train_ColorTint_Green,Outline,circle,0.85,0.9808,0.85,0.9107
ViT-B/16,Train_ColorTint_Green,Outline,cup,0.35,0.175,0.35,0.2333
ViT-B/16,Train_ColorTint_Green,Outline,dog,0.0667,0.5,0.0667,0.1176
ViT-B/16,Train_ColorTint_Green,Outline,rectangle,0.0,0.0,0.0,0.0
ViT-B/16,Train_ColorTint_Green,Outline,square,1.0,0.2521,1.0,0.4027
ViT-B/16,Train_ColorTint_Green,Outline,table,0.7667,1.0,0.7667,0.8679
ViT-B/16,Train_ColorTint_Green,Outline,triangle,0.8,0.8,0.8,0.8
ViT-B/16,Train_ColorTint_Green,Dotted,car,0.5167,0.7949,0.5167,0.6263
ViT-B/16,Train_ColorTint_Green,Dotted,cat,0.0,0.0,0.0,0.0
ViT-B/16,Train_ColorTint_Green,Dotted,chair,0.9,0.8571,0.9,0.878
ViT-B/16,Train_ColorTint_Green,Dotted,circle,0.0167,1.0,0.0167,0.0328
ViT-B/16,Train_ColorTint_Green,Dotted,cup,0.1667,0.1887,0.1667,0.177
ViT-B/16,Train_ColorTint_Green,Dotted,dog,0.7,0.3471,0.7,0.4641
ViT-B/16,Train_ColorTint_Green,Dotted,rectangle,0.0,0.0,0.0,0.0
ViT-B/16,Train_ColorTint_Green,Dotted,square,1.0,0.3371,1.0,0.5042
ViT-B/16,Train_ColorTint_Green,Dotted,table,0.5833,1.0,0.5833,0.7368
ViT-B/16,Train_ColorTint_Green,Dotted,triangle,0.8167,0.4712,0.8167,0.5976
ViT-B/16,Train_ColorTint_Green,Dashed,car,0.0667,1.0,0.0667,0.125
ViT-B/16,Train_ColorTint_Green,Dashed,cat,0.0,0.0,0.0,0.0
ViT-B/16,Train_ColorTint_Green,Dashed,chair,0.7,1.0,0.7,0.8235
ViT-B/16,Train_ColorTint_Green,Dashed,circle,0.7,0.9767,0.7,0.8155
ViT-B/16,Train_ColorTint_Green,Dashed,cup,0.3167,0.2969,0.3167,0.3065
ViT-B/16,Train_ColorTint_Green,Dashed,dog,0.0167,1.0,0.0167,0.0328
ViT-B/16,Train_ColorTint_Green,Dashed,rectangle,0.0,0.0,0.0,0.0
ViT-B/16,Train_ColorTint_Green,Dashed,square,1.0,0.1807,1.0,0.3061
ViT-B/16,Train_ColorTint_Green,Dashed,table,0.6833,0.9318,0.6833,0.7885
ViT-B/16,Train_ColorTint_Green,Dashed,triangle,0.6667,0.7018,0.6667,0.6838
ViT-B/16,Train_ColorTint_Green,Sketch,car,0.6833,0.9762,0.6833,0.8039
ViT-B/16,Train_ColorTint_Green,Sketch,cat,0.25,0.9375,0.25,0.3947
ViT-B/16,Train_ColorTint_Green,Sketch,chair,1.0,0.9677,1.0,0.9836
ViT-B/16,Train_ColorTint_Green,Sketch,circle,0.85,0.9623,0.85,0.9027
ViT-B/16,Train_ColorTint_Green,Sketch,cup,0.6833,0.6721,0.6833,0.6777
ViT-B/16,Train_ColorTint_Green,Sketch,dog,0.9167,0.4622,0.9167,0.6145
ViT-B/16,Train_ColorTint_Green,Sketch,rectangle,0.0,0.0,0.0,0.0
ViT-B/16,Train_ColorTint_Green,Sketch,square,1.0,0.4412,1.0,0.6122
ViT-B/16,Train_ColorTint_Green,Sketch,table,0.9,1.0,0.9,0.9474
ViT-B/16,Train_ColorTint_Green,Sketch,triangle,0.9,0.9643,0.9,0.931
ViT-B/16,Train_ColorTint_Green,Silhouette,car,0.5167,0.9688,0.5167,0.6739
ViT-B/16,Train_ColorTint_Green,Silhouette,cat,0.0333,0.6667,0.0333,0.0635
ViT-B/16,Train_ColorTint_Green,Silhouette,chair,0.95,0.6951,0.95,0.8028
ViT-B/16,Train_ColorTint_Green,Silhouette,circle,1.0,0.8571,1.0,0.9231
ViT-B/16,Train_ColorTint_Green,Silhouette,cup,0.25,0.8333,0.25,0.3846
ViT-B/16,Train_ColorTint_Green,Silhouette,dog,0.85,0.3355,0.85,0.4811
ViT-B/16,Train_ColorTint_Green,Silhouette,rectangle,0.1833,0.6471,0.1833,0.2857
ViT-B/16,Train_ColorTint_Green,Silhouette,square,0.9667,0.5133,0.9667,0.6705
ViT-B/16,Train_ColorTint_Green,Silhouette,table,0.4,1.0,0.4,0.5714
ViT-B/16,Train_ColorTint_Green,Silhouette,triangle,1.0,0.6742,1.0,0.8054
ViT-B/16,Train_ColorTint_Green,ColorTint_Red,car,0.9333,1.0,0.9333,0.9655
ViT-B/16,Train_ColorTint_Green,ColorTint_Red,cat,0.9333,0.9825,0.9333,0.9573
ViT-B/16,Train_ColorTint_Green,ColorTint_Red,chair,1.0,1.0,1.0,1.0
ViT-B/16,Train_ColorTint_Green,ColorTint_Red,circle,1.0,0.9677,1.0,0.9836
ViT-B/16,Train_ColorTint_Green,ColorTint_Red,cup,0.9167,0.9167,0.9167,0.9167
ViT-B/16,Train_ColorTint_Green,ColorTint_Red,dog,0.95,0.8769,0.95,0.912
ViT-B/16,Train_ColorTint_Green,ColorTint_Red,rectangle,0.1667,0.9091,0.1667,0.2817
ViT-B/16,Train_ColorTint_Green,ColorTint_Red,square,0.9833,0.5413,0.9833,0.6982
ViT-B/16,Train_ColorTint_Green,ColorTint_Red,table,1.0,1.0,1.0,1.0
ViT-B/16,Train_ColorTint_Green,ColorTint_Red,triangle,1.0,1.0,1.0,1.0
ViT-B/16,Train_ColorTint_Green,ColorTint_Green,car,0.95,1.0,0.95,0.9744
ViT-B/16,Train_ColorTint_Green,ColorTint_Green,cat,0.9,0.9643,0.9,0.931
ViT-B/16,Train_ColorTint_Green,ColorTint_Green,chair,1.0,1.0,1.0,1.0
ViT-B/16,Train_ColorTint_Green,ColorTint_Green,circle,1.0,0.9677,1.0,0.9836
ViT-B/16,Train_ColorTint_Green,ColorTint_Green,cup,0.9167,0.9322,0.9167,0.9244
ViT-B/16,Train_ColorTint_Green,ColorTint_Green,dog,0.95,0.8636,0.95,0.9048
ViT-B/16,Train_ColorTint_Green,ColorTint_Green,rectangle,0.1667,0.9091,0.1667,0.2817
ViT-B/16,Train_ColorTint_Green,ColorTint_Green,square,0.9833,0.5413,0.9833,0.6982
ViT-B/16,Train_ColorTint_Green,ColorTint_Green,table,1.0,1.0,1.0,1.0
ViT-B/16,Train_ColorTint_Green,ColorTint_Green,triangle,1.0,1.0,1.0,1.0
ViT-B/16,Train_ColorTint_Green,ColorTint_Blue,car,0.9333,1.0,0.9333,0.9655
ViT-B/16,Train_ColorTint_Green,ColorTint_Blue,cat,0.9333,0.9655,0.9333,0.9492
ViT-B/16,Train_ColorTint_Green,ColorTint_Blue,chair,1.0,1.0,1.0,1.0
ViT-B/16,Train_ColorTint_Green,ColorTint_Blue,circle,1.0,0.9677,1.0,0.9836
ViT-B/16,Train_ColorTint_Green,ColorTint_Blue,cup,0.9167,0.9016,0.9167,0.9091
ViT-B/16,Train_ColorTint_Green,ColorTint_Blue,dog,0.9333,0.8889,0.9333,0.9106
ViT-B/16,Train_ColorTint_Green,ColorTint_Blue,rectangle,0.1333,0.8889,0.1333,0.2319
ViT-B/16,Train_ColorTint_Green,ColorTint_Blue,square,0.9833,0.5315,0.9833,0.6901
ViT-B/16,Train_ColorTint_Green,ColorTint_Blue,table,1.0,1.0,1.0,1.0
ViT-B/16,Train_ColorTint_Green,ColorTint_Blue,triangle,1.0,1.0,1.0,1.0
ViT-B/16,Train_ColorTint_Blue,Original,car,1.0,1.0,1.0,1.0
ViT-B/16,Train_ColorTint_Blue,Original,cat,0.9333,0.9825,0.9333,0.9573
ViT-B/16,Train_ColorTint_Blue,Original,chair,1.0,0.9677,1.0,0.9836
ViT-B/16,Train_ColorTint_Blue,Original,circle,1.0,0.9836,1.0,0.9917
ViT-B/16,Train_ColorTint_Blue,Original,cup,0.9333,0.8889,0.9333,0.9106
ViT-B/16,Train_ColorTint_Blue,Original,dog,0.9,0.9153,0.9,0.9076
ViT-B/16,Train_ColorTint_Blue,Original,rectangle,0.35,0.84,0.35,0.4941
ViT-B/16,Train_ColorTint_Blue,Original,square,0.9333,0.5895,0.9333,0.7226
ViT-B/16,Train_ColorTint_Blue,Original,table,0.9667,1.0,0.9667,0.9831
ViT-B/16,Train_ColorTint_Blue,Original,triangle,1.0,1.0,1.0,1.0
ViT-B/16,Train_ColorTint_Blue,Outline,car,0.3167,1.0,0.3167,0.481
ViT-B/16,Train_ColorTint_Blue,Outline,cat,0.0,0.0,0.0,0.0
ViT-B/16,Train_ColorTint_Blue,Outline,chair,0.4333,0.8667,0.4333,0.5778
ViT-B/16,Train_ColorTint_Blue,Outline,circle,0.0,0.0,0.0,0.0
ViT-B/16,Train_ColorTint_Blue,Outline,cup,0.55,0.1086,0.55,0.1813
ViT-B/16,Train_ColorTint_Blue,Outline,dog,0.0,0.0,0.0,0.0
ViT-B/16,Train_ColorTint_Blue,Outline,rectangle,0.0,0.0,0.0,0.0
ViT-B/16,Train_ColorTint_Blue,Outline,square,1.0,0.3488,1.0,0.5172
ViT-B/16,Train_ColorTint_Blue,Outline,table,0.3333,1.0,0.3333,0.5
ViT-B/16,Train_ColorTint_Blue,Outline,triangle,0.8333,0.9615,0.8333,0.8929
ViT-B/16,Train_ColorTint_Blue,Dotted,car,0.35,0.875,0.35,0.5
ViT-B/16,Train_ColorTint_Blue,Dotted,cat,0.0,0.0,0.0,0.0
ViT-B/16,Train_ColorTint_Blue,Dotted,chair,0.6333,0.76,0.6333,0.6909
ViT-B/16,Train_ColorTint_Blue,Dotted,circle,0.0,0.0,0.0,0.0
ViT-B/16,Train_ColorTint_Blue,Dotted,cup,0.6333,0.1407,0.6333,0.2303
ViT-B/16,Train_ColorTint_Blue,Dotted,dog,0.35,0.3684,0.35,0.359
ViT-B/16,Train_ColorTint_Blue,Dotted,rectangle,0.0,0.0,0.0,0.0
ViT-B/16,Train_ColorTint_Blue,Dotted,square,0.9333,0.3684,0.9333,0.5283
ViT-B/16,Train_ColorTint_Blue,Dotted,table,0.15,1.0,0.15,0.2609
ViT-B/16,Train_ColorTint_Blue,Dotted,triangle,0.6,0.9474,0.6,0.7347
ViT-B/16,Train_ColorTint_Blue,Dashed,car,0.2833,0.8947,0.2833,0.4304
ViT-B/16,Train_ColorTint_Blue,Dashed,cat,0.0,0.0,0.0,0.0
ViT-B/16,Train_ColorTint_Blue,Dashed,chair,0.35,0.913,0.35,0.506
ViT-B/16,Train_ColorTint_Blue,Dashed,circle,0.0,0.0,0.0,0.0
ViT-B/16,Train_ColorTint_Blue,Dashed,cup,0.5167,0.0972,0.5167,0.1636
ViT-B/16,Train_ColorTint_Blue,Dashed,dog,0.0167,0.25,0.0167,0.0312
ViT-B/16,Train_ColorTint_Blue,Dashed,rectangle,0.0,0.0,0.0,0.0
ViT-B/16,Train_ColorTint_Blue,Dashed,square,1.0,0.3409,1.0,0.5085
ViT-B/16,Train_ColorTint_Blue,Dashed,table,0.2333,1.0,0.2333,0.3784
ViT-B/16,Train_ColorTint_Blue,Dashed,triangle,0.6833,1.0,0.6833,0.8119
ViT-B/16,Train_ColorTint_Blue,Sketch,car,0.7667,0.7188,0.7667,0.7419
ViT-B/16,Train_ColorTint_Blue,Sketch,cat,0.1167,0.875,0.1167,0.2059
ViT-B/16,Train_ColorTint_Blue,Sketch,chair,0.7833,0.9038,0.7833,0.8393
ViT-B/16,Train_ColorTint_Blue,Sketch,circle,0.0,0.0,0.0,0.0
ViT-B/16,Train_ColorTint_Blue,Sketch,cup,0.85,0.2563,0.85,0.3938
ViT-B/16,Train_ColorTint_Blue,Sketch,dog,0.5667,0.6071,0.5667,0.5862
ViT-B/16,Train_ColorTint_Blue,Sketch,rectangle,0.0,0.0,0.0,0.0
ViT-B/16,Train_ColorTint_Blue,Sketch,square,1.0,0.4615,1.0,0.6316
ViT-B/16,Train_ColorTint_Blue,Sketch,table,0.6667,1.0,0.6667,0.8
ViT-B/16,Train_ColorTint_Blue,Sketch,triangle,0.85,1.0,0.85,0.9189
ViT-B/16,Train_ColorTint_Blue,Silhouette,car,0.4833,0.9355,0.4833,0.6374
ViT-B/16,Train_ColorTint_Blue,Silhouette,cat,0.3,0.45,0.3,0.36
ViT-B/16,Train_ColorTint_Blue,Silhouette,chair,1.0,0.5714,1.0,0.7273
ViT-B/16,Train_ColorTint_Blue,Silhouette,circle,1.0,0.9677,1.0,0.9836
ViT-B/16,Train_ColorTint_Blue,Silhouette,cup,0.4,0.6667,0.4,0.5
ViT-B/16,Train_ColorTint_Blue,Silhouette,dog,0.7333,0.3667,0.7333,0.4889
ViT-B/16,Train_ColorTint_Blue,Silhouette,rectangle,0.2,0.9231,0.2,0.3288
ViT-B/16,Train_ColorTint_Blue,Silhouette,square,0.9833,0.5463,0.9833,0.7024
ViT-B/16,Train_ColorTint_Blue,Silhouette,table,0.2667,0.9412,0.2667,0.4156
ViT-B/16,Train_ColorTint_Blue,Silhouette,triangle,1.0,0.8824,1.0,0.9375
ViT-B/16,Train_ColorTint_Blue,ColorTint_Red,car,0.9667,0.9831,0.9667,0.9748
ViT-B/16,Train_ColorTint_Blue,ColorTint_Red,cat,0.8667,0.963,0.8667,0.9123
ViT-B/16,Train_ColorTint_Blue,ColorTint_Red,chair,1.0,0.9524,1.0,0.9756
ViT-B/16,Train_ColorTint_Blue,ColorTint_Red,circle,1.0,0.9836,1.0,0.9917
ViT-B/16,Train_ColorTint_Blue,ColorTint_Red,cup,1.0,0.8451,1.0,0.916
ViT-B/16,Train_ColorTint_Blue,ColorTint_Red,dog,0.85,0.9273,0.85,0.887
ViT-B/16,Train_ColorTint_Blue,ColorTint_Red,rectangle,0.1667,0.9091,0.1667,0.2817
ViT-B/16,Train_ColorTint_Blue,ColorTint_Red,square,0.9833,0.5413,0.9833,0.6982
ViT-B/16,Train_ColorTint_Blue,ColorTint_Red,table,0.95,1.0,0.95,0.9744
ViT-B/16,Train_ColorTint_Blue,ColorTint_Red,triangle,1.0,1.0,1.0,1.0
ViT-B/16,Train_ColorTint_Blue,ColorTint_Green,car,0.9667,0.9831,0.9667,0.9748
ViT-B/16,Train_ColorTint_Blue,ColorTint_Green,cat,0.8333,0.9615,0.8333,0.8929
ViT-B/16,Train_ColorTint_Blue,ColorTint_Green,chair,1.0,0.9677,1.0,0.9836
ViT-B/16,Train_ColorTint_Blue,ColorTint_Green,circle,1.0,0.9836,1.0,0.9917
ViT-B/16,Train_ColorTint_Blue,ColorTint_Green,cup,1.0,0.75,1.0,0.8571
ViT-B/16,Train_ColorTint_Blue,ColorTint_Green,dog,0.8,0.96,0.8,0.8727
ViT-B/16,Train_ColorTint_Blue,ColorTint_Green,rectangle,0.2,0.9231,0.2,0.3288
ViT-B/16,Train_ColorTint_Blue,ColorTint_Green,square,0.9833,0.5514,0.9833,0.7066
ViT-B/16,Train_ColorTint_Blue,ColorTint_Green,table,0.9333,1.0,0.9333,0.9655
ViT-B/16,Train_ColorTint_Blue,ColorTint_Green,triangle,1.0,1.0,1.0,1.0
ViT-B/16,Train_ColorTint_Blue,ColorTint_Blue,car,0.9833,0.9516,0.9833,0.9672
ViT-B/16,Train_ColorTint_Blue,ColorTint_Blue,cat,0.8833,0.9636,0.8833,0.9217
ViT-B/16,Train_ColorTint_Blue,ColorTint_Blue,chair,1.0,0.9836,1.0,0.9917
ViT-B/16,Train_ColorTint_Blue,ColorTint_Blue,circle,1.0,0.9836,1.0,0.9917
ViT-B/16,Train_ColorTint_Blue,ColorTint_Blue,cup,0.8833,0.8281,0.8833,0.8548
ViT-B/16,Train_ColorTint_Blue,ColorTint_Blue,dog,0.8333,0.8621,0.8333,0.8475
ViT-B/16,Train_ColorTint_Blue,ColorTint_Blue,rectangle,0.35,0.75,0.35,0.4773
ViT-B/16,Train_ColorTint_Blue,ColorTint_Blue,square,0.8833,0.5761,0.8833,0.6974
ViT-B/16,Train_ColorTint_Blue,ColorTint_Blue,table,0.9833,1.0,0.9833,0.9916
ViT-B/16,Train_ColorTint_Blue,ColorTint_Blue,triangle,1.0,1.0,1.0,1.0
ViT-B/16,Train_All_Combined,Original,car,0.9833,1.0,0.9833,0.9916
ViT-B/16,Train_All_Combined,Original,cat,0.9167,0.9483,0.9167,0.9322
ViT-B/16,Train_All_Combined,Original,chair,1.0,0.9836,1.0,0.9917
ViT-B/16,Train_All_Combined,Original,circle,1.0,1.0,1.0,1.0
ViT-B/16,Train_All_Combined,Original,cup,0.9333,0.9032,0.9333,0.918
ViT-B/16,Train_All_Combined,Original,dog,0.9,0.8852,0.9,0.8926
ViT-B/16,Train_All_Combined,Original,rectangle,0.9333,0.9492,0.9333,0.9412
ViT-B/16,Train_All_Combined,Original,square,0.95,0.9344,0.95,0.9421
ViT-B/16,Train_All_Combined,Original,table,0.9833,1.0,0.9833,0.9916
ViT-B/16,Train_All_Combined,Original,triangle,1.0,1.0,1.0,1.0
ViT-B/16,Train_All_Combined,Outline,car,0.95,0.9828,0.95,0.9661
ViT-B/16,Train_All_Combined,Outline,cat,0.6833,0.8913,0.6833,0.7736
ViT-B/16,Train_All_Combined,Outline,chair,1.0,0.9836,1.0,0.9917
ViT-B/16,Train_All_Combined,Outline,circle,0.8667,1.0,0.8667,0.9286
ViT-B/16,Train_All_Combined,Outline,cup,0.9667,0.9355,0.9667,0.9508
ViT-B/16,Train_All_Combined,Outline,dog,0.9167,0.7639,0.9167,0.8333
ViT-B/16,Train_All_Combined,Outline,rectangle,0.7167,0.8958,0.7167,0.7963
ViT-B/16,Train_All_Combined,Outline,square,0.9167,0.6044,0.9167,0.7285
ViT-B/16,Train_All_Combined,Outline,table,0.9833,1.0,0.9833,0.9916
ViT-B/16,Train_All_Combined,Outline,triangle,0.85,1.0,0.85,0.9189
ViT-B/16,Train_All_Combined,Dotted,car,0.9667,0.9831,0.9667,0.9748
ViT-B/16,Train_All_Combined,Dotted,cat,0.5667,0.8095,0.5667,0.6667
ViT-B/16,Train_All_Combined,Dotted,chair,1.0,0.9836,1.0,0.9917
ViT-B/16,Train_All_Combined,Dotted,circle,0.8667,0.9811,0.8667,0.9204
ViT-B/16,Train_All_Combined,Dotted,cup,0.9833,0.9516,0.9833,0.9672
ViT-B/16,Train_All_Combined,Dotted,dog,0.85,0.6711,0.85,0.75
ViT-B/16,Train_All_Combined,Dotted,rectangle,0.6833,0.9318,0.6833,0.7885
ViT-B/16,Train_All_Combined,Dotted,square,0.95,0.6064,0.95,0.7403
ViT-B/16,Train_All_Combined,Dotted,table,0.95,1.0,0.95,0.9744
ViT-B/16,Train_All_Combined,Dotted,triangle,0.85,0.9808,0.85,0.9107
ViT-B/16,Train_All_Combined,Dashed,car,0.9333,0.9492,0.9333,0.9412
ViT-B/16,Train_All_Combined,Dashed,cat,0.7167,0.8431,0.7167,0.7748
ViT-B/16,Train_All_Combined,Dashed,chair,1.0,0.9836,1.0,0.9917
ViT-B/16,Train_All_Combined,Dashed,circle,0.8667,1.0,0.8667,0.9286
ViT-B/16,Train_All_Combined,Dashed,cup,0.95,0.9194,0.95,0.9344
ViT-B/16,Train_All_Combined,Dashed,dog,0.85,0.7727,0.85,0.8095
ViT-B/16,Train_All_Combined,Dashed,rectangle,0.7333,0.9167,0.7333,0.8148
ViT-B/16,Train_All_Combined,Dashed,square,0.9333,0.6087,0.9333,0.7368
ViT-B/16,Train_All_Combined,Dashed,table,0.9667,1.0,0.9667,0.9831
ViT-B/16,Train_All_Combined,Dashed,triangle,0.85,1.0,0.85,0.9189
ViT-B/16,Train_All_Combined,Sketch,car,0.9667,0.9062,0.9667,0.9355
ViT-B/16,Train_All_Combined,Sketch,cat,0.7,0.8936,0.7,0.785
ViT-B/16,Train_All_Combined,Sketch,chair,1.0,1.0,1.0,1.0
ViT-B/16,Train_All_Combined,Sketch,circle,0.9833,0.9833,0.9833,0.9833
ViT-B/16,Train_All_Combined,Sketch,cup,0.8167,0.9245,0.8167,0.8673
ViT-B/16,Train_All_Combined,Sketch,dog,0.8833,0.7067,0.8833,0.7852
ViT-B/16,Train_All_Combined,Sketch,rectangle,0.7,0.6364,0.7,0.6667
ViT-B/16,Train_All_Combined,Sketch,square,0.6167,0.6727,0.6167,0.6435
ViT-B/16,Train_All_Combined,Sketch,table,1.0,1.0,1.0,1.0
ViT-B/16,Train_All_Combined,Sketch,triangle,1.0,1.0,1.0,1.0
ViT-B/16,Train_All_Combined,Silhouette,car,0.9833,0.7973,0.9833,0.8806
ViT-B/16,Train_All_Combined,Silhouette,cat,0.5667,0.6296,0.5667,0.5965
ViT-B/16,Train_All_Combined,Silhouette,chair,0.9833,0.9672,0.9833,0.9752
ViT-B/16,Train_All_Combined,Silhouette,circle,1.0,0.9836,1.0,0.9917
ViT-B/16,Train_All_Combined,Silhouette,cup,0.7833,0.9216,0.7833,0.8468
ViT-B/16,Train_All_Combined,Silhouette,dog,0.5833,0.5738,0.5833,0.5785
ViT-B/16,Train_All_Combined,Silhouette,rectangle,0.7833,0.9592,0.7833,0.8624
ViT-B/16,Train_All_Combined,Silhouette,square,0.9667,0.8056,0.9667,0.8788
ViT-B/16,Train_All_Combined,Silhouette,table,0.95,1.0,0.95,0.9744
ViT-B/16,Train_All_Combined,Silhouette,triangle,1.0,1.0,1.0,1.0
ViT-B/16,Train_All_Combined,ColorTint_Red,car,0.9833,1.0,0.9833,0.9916
ViT-B/16,Train_All_Combined,ColorTint_Red,cat,0.9167,0.9016,0.9167,0.9091
ViT-B/16,Train_All_Combined,ColorTint_Red,chair,1.0,0.9375,1.0,0.9677
ViT-B/16,Train_All_Combined,ColorTint_Red,circle,1.0,0.9836,1.0,0.9917
ViT-B/16,Train_All_Combined,ColorTint_Red,cup,0.9167,0.9649,0.9167,0.9402
ViT-B/16,Train_All_Combined,ColorTint_Red,dog,0.8833,0.8689,0.8833,0.876
ViT-B/16,Train_All_Combined,ColorTint_Red,rectangle,0.9167,0.9322,0.9167,0.9244
ViT-B/16,Train_All_Combined,ColorTint_Red,square,0.9333,0.918,0.9333,0.9256
ViT-B/16,Train_All_Combined,ColorTint_Red,table,0.95,1.0,0.95,0.9744
ViT-B/16,Train_All_Combined,ColorTint_Red,triangle,1.0,1.0,1.0,1.0
ViT-B/16,Train_All_Combined,ColorTint_Green,car,0.9667,1.0,0.9667,0.9831
ViT-B/16,Train_All_Combined,ColorTint_Green,cat,0.9333,0.9333,0.9333,0.9333
ViT-B/16,Train_All_Combined,ColorTint_Green,chair,1.0,1.0,1.0,1.0
ViT-B/16,Train_All_Combined,ColorTint_Green,circle,1.0,0.9836,1.0,0.9917
ViT-B/16,Train_All_Combined,ColorTint_Green,cup,0.9167,0.9016,0.9167,0.9091
ViT-B/16,Train_All_Combined,ColorTint_Green,dog,0.8833,0.8833,0.8833,0.8833
ViT-B/16,Train_All_Combined,ColorTint_Green,rectangle,0.8667,0.9455,0.8667,0.9043
ViT-B/16,Train_All_Combined,ColorTint_Green,square,0.95,0.8769,0.95,0.912
ViT-B/16,Train_All_Combined,ColorTint_Green,table,1.0,1.0,1.0,1.0
ViT-B/16,Train_All_Combined,ColorTint_Green,triangle,1.0,1.0,1.0,1.0
ViT-B/16,Train_All_Combined,ColorTint_Blue,car,0.9667,1.0,0.9667,0.9831
ViT-B/16,Train_All_Combined,ColorTint_Blue,cat,0.9,0.9153,0.9,0.9076
ViT-B/16,Train_All_Combined,ColorTint_Blue,chair,1.0,0.9836,1.0,0.9917
ViT-B/16,Train_All_Combined,ColorTint_Blue,circle,1.0,1.0,1.0,1.0
ViT-B/16,Train_All_Combined,ColorTint_Blue,cup,0.9167,0.9016,0.9167,0.9091
ViT-B/16,Train_All_Combined,ColorTint_Blue,dog,0.8833,0.8548,0.8833,0.8689
ViT-B/16,Train_All_Combined,ColorTint_Blue,rectangle,0.8167,0.9608,0.8167,0.8829
ViT-B/16,Train_All_Combined,ColorTint_Blue,square,0.9667,0.8406,0.9667,0.8992
ViT-B/16,Train_All_Combined,ColorTint_Blue,table,0.9833,1.0,0.9833,0.9916
ViT-B/16,Train_All_Combined,ColorTint_Blue,triangle,1.0,1.0,1.0,1.0
DINOv3,Train_Original,Original,car,0.9667,0.9831,0.9667,0.9748
DINOv3,Train_Original,Original,cat,0.9833,1.0,0.9833,0.9916
DINOv3,Train_Original,Original,chair,1.0,0.9677,1.0,0.9836
DINOv3,Train_Original,Original,circle,1.0,0.9677,1.0,0.9836
DINOv3,Train_Original,Original,cup,1.0,0.9836,1.0,0.9917
DINOv3,Train_Original,Original,dog,0.9333,0.9825,0.9333,0.9573
DINOv3,Train_Original,Original,rectangle,0.5333,0.7442,0.5333,0.6214
DINOv3,Train_Original,Original,square,0.8167,0.6364,0.8167,0.7153
DINOv3,Train_Original,Original,table,1.0,1.0,1.0,1.0
DINOv3,Train_Original,Original,triangle,1.0,1.0,1.0,1.0
DINOv3,Train_Original,Outline,car,0.95,1.0,0.95,0.9744
DINOv3,Train_Original,Outline,cat,0.4333,1.0,0.4333,0.6047
DINOv3,Train_Original,Outline,chair,0.9833,1.0,0.9833,0.9916
DINOv3,Train_Original,Outline,circle,0.8333,0.8197,0.8333,0.8264
DINOv3,Train_Original,Outline,cup,0.6833,0.6613,0.6833,0.6721
DINOv3,Train_Original,Outline,dog,0.55,0.9167,0.55,0.6875
DINOv3,Train_Original,Outline,rectangle,0.7333,0.5432,0.7333,0.6241
DINOv3,Train_Original,Outline,square,0.3333,0.3571,0.3333,0.3448
DINOv3,Train_Original,Outline,table,0.95,1.0,0.95,0.9744
DINOv3,Train_Original,Outline,triangle,0.85,0.4857,0.85,0.6182
DINOv3,Train_Original,Dotted,car,0.8833,1.0,0.8833,0.9381
DINOv3,Train_Original,Dotted,cat,0.1667,1.0,0.1667,0.2857
DINOv3,Train_Original,Dotted,chair,0.9333,0.9655,0.9333,0.9492
DINOv3,Train_Original,Dotted,circle,0.7167,0.5811,0.7167,0.6418
DINOv3,Train_Original,Dotted,cup,0.6,0.5538,0.6,0.576
DINOv3,Train_Original,Dotted,dog,0.2,0.8,0.2,0.32
DINOv3,Train_Original,Dotted,rectangle,0.7333,0.5057,0.7333,0.5986
DINOv3,Train_Original,Dotted,square,0.1333,0.2162,0.1333,0.1649
DINOv3,Train_Original,Dotted,table,0.9,0.9474,0.9,0.9231
DINOv3,Train_Original,Dotted,triangle,0.85,0.3542,0.85,0.5
DINOv3,Train_Original,Dashed,car,0.9333,1.0,0.9333,0.9655
DINOv3,Train_Original,Dashed,cat,0.45,1.0,0.45,0.6207
DINOv3,Train_Original,Dashed,chair,0.95,0.9828,0.95,0.9661
DINOv3,Train_Original,Dashed,circle,0.8333,0.8772,0.8333,0.8547
DINOv3,Train_Original,Dashed,cup,0.6667,0.6061,0.6667,0.6349
DINOv3,Train_Original,Dashed,dog,0.5333,0.8421,0.5333,0.6531
DINOv3,Train_Original,Dashed,rectangle,0.6667,0.5634,0.6667,0.6107
DINOv3,Train_Original,Dashed,square,0.15,0.2195,0.15,0.1782
DINOv3,Train_Original,Dashed,table,0.9167,0.9649,0.9167,0.9402
DINOv3,Train_Original,Dashed,triangle,0.85,0.3953,0.85,0.5397
DINOv3,Train_Original,Sketch,car,0.9,1.0,0.9,0.9474
DINOv3,Train_Original,Sketch,cat,0.5333,0.64,0.5333,0.5818
DINOv3,Train_Original,Sketch,chair,0.9667,0.9508,0.9667,0.9587
DINOv3,Train_Original,Sketch,circle,0.9833,0.8082,0.9833,0.8872
DINOv3,Train_Original,Sketch,cup,0.95,0.5044,0.95,0.659
DINOv3,Train_Original,Sketch,dog,0.5167,0.8857,0.5167,0.6526
DINOv3,Train_Original,Sketch,rectangle,0.4333,0.4643,0.4333,0.4483
DINOv3,Train_Original,Sketch,square,0.1167,0.3889,0.1167,0.1795
DINOv3,Train_Original,Sketch,table,0.9167,0.9821,0.9167,0.9483
DINOv3,Train_Original,Sketch,triangle,1.0,0.7143,1.0,0.8333
DINOv3,Train_Original,Silhouette,car,0.6333,1.0,0.6333,0.7755
DINOv3,Train_Original,Silhouette,cat,0.1167,0.875,0.1167,0.2059
DINOv3,Train_Original,Silhouette,chair,0.8167,0.98,0.8167,0.8909
DINOv3,Train_Original,Silhouette,circle,1.0,0.6897,1.0,0.8163
DINOv3,Train_Original,Silhouette,cup,0.85,0.425,0.85,0.5667
DINOv3,Train_Original,Silhouette,dog,0.1667,0.5556,0.1667,0.2564
DINOv3,Train_Original,Silhouette,rectangle,0.5333,0.6038,0.5333,0.5664
DINOv3,Train_Original,Silhouette,square,0.6833,0.4713,0.6833,0.5578
DINOv3,Train_Original,Silhouette,table,0.4833,1.0,0.4833,0.6517
DINOv3,Train_Original,Silhouette,triangle,1.0,0.5455,1.0,0.7059
DINOv3,Train_Original,ColorTint_Red,car,0.9833,1.0,0.9833,0.9916
DINOv3,Train_Original,ColorTint_Red,cat,0.9833,1.0,0.9833,0.9916
DINOv3,Train_Original,ColorTint_Red,chair,1.0,1.0,1.0,1.0
DINOv3,Train_Original,ColorTint_Red,circle,1.0,0.9524,1.0,0.9756
DINOv3,Train_Original,ColorTint_Red,cup,1.0,0.9677,1.0,0.9836
DINOv3,Train_Original,ColorTint_Red,dog,0.9333,1.0,0.9333,0.9655
DINOv3,Train_Original,ColorTint_Red,rectangle,0.4,0.6857,0.4,0.5053
DINOv3,Train_Original,ColorTint_Red,square,0.8333,0.5814,0.8333,0.6849
DINOv3,Train_Original,ColorTint_Red,table,1.0,1.0,1.0,1.0
DINOv3,Train_Original,ColorTint_Red,triangle,1.0,1.0,1.0,1.0
DINOv3,Train_Original,ColorTint_Green,car,0.9833,1.0,0.9833,0.9916
DINOv3,Train_Original,ColorTint_Green,cat,0.9833,1.0,0.9833,0.9916
DINOv3,Train_Original,ColorTint_Green,chair,1.0,0.9836,1.0,0.9917
DINOv3,Train_Original,ColorTint_Green,circle,1.0,0.9677,1.0,0.9836
DINOv3,Train_Original,ColorTint_Green,cup,0.9833,0.9833,0.9833,0.9833
DINOv3,Train_Original,ColorTint_Green,dog,0.95,1.0,0.95,0.9744
DINOv3,Train_Original,ColorTint_Green,rectangle,0.5333,0.7619,0.5333,0.6275
DINOv3,Train_Original,ColorTint_Green,square,0.8333,0.641,0.8333,0.7246
DINOv3,Train_Original,ColorTint_Green,table,1.0,0.9836,1.0,0.9917
DINOv3,Train_Original,ColorTint_Green,triangle,1.0,0.9836,1.0,0.9917
DINOv3,Train_Original,ColorTint_Blue,car,0.9833,1.0,0.9833,0.9916
DINOv3,Train_Original,ColorTint_Blue,cat,0.9833,1.0,0.9833,0.9916
DINOv3,Train_Original,ColorTint_Blue,chair,1.0,0.9836,1.0,0.9917
DINOv3,Train_Original,ColorTint_Blue,circle,1.0,0.9836,1.0,0.9917
DINOv3,Train_Original,ColorTint_Blue,cup,1.0,0.9677,1.0,0.9836
DINOv3,Train_Original,ColorTint_Blue,dog,0.95,1.0,0.95,0.9744
DINOv3,Train_Original,ColorTint_Blue,rectangle,0.45,0.7714,0.45,0.5684
DINOv3,Train_Original,ColorTint_Blue,square,0.8667,0.6118,0.8667,0.7172
DINOv3,Train_Original,ColorTint_Blue,table,1.0,0.9836,1.0,0.9917
DINOv3,Train_Original,ColorTint_Blue,triangle,1.0,1.0,1.0,1.0
DINOv3,Train_Outline,Original,car,0.9167,0.8088,0.9167,0.8594
DINOv3,Train_Outline,Original,cat,0.2833,0.8095,0.2833,0.4198
DINOv3,Train_Outline,Original,chair,1.0,0.9231,1.0,0.96
DINOv3,Train_Outline,Original,circle,0.75,0.7627,0.75,0.7563
DINOv3,Train_Outline,Original,cup,0.8833,0.9464,0.8833,0.9138
DINOv3,Train_Outline,Original,dog,0.2333,0.9333,0.2333,0.3733
DINOv3,Train_Outline,Original,rectangle,0.75,0.45,0.75,0.5625
DINOv3,Train_Outline,Original,square,0.4,0.3,0.4,0.3429
DINOv3,Train_Outline,Original,table,1.0,0.8824,1.0,0.9375
DINOv3,Train_Outline,Original,triangle,1.0,0.8824,1.0,0.9375
DINOv3,Train_Outline,Outline,car,0.9667,1.0,0.9667,0.9831
DINOv3,Train_Outline,Outline,cat,0.9,0.7941,0.9,0.8438
DINOv3,Train_Outline,Outline,chair,1.0,1.0,1.0,1.0
DINOv3,Train_Outline,Outline,circle,0.8667,1.0,0.8667,0.9286
DINOv3,Train_Outline,Outline,cup,0.85,0.9107,0.85,0.8793
DINOv3,Train_Outline,Outline,dog,0.7833,0.8246,0.7833,0.8034
DINOv3,Train_Outline,Outline,rectangle,0.5833,0.6731,0.5833,0.625
DINOv3,Train_Outline,Outline,square,0.7167,0.5,0.7167,0.589
DINOv3,Train_Outline,Outline,table,0.9833,1.0,0.9833,0.9916
DINOv3,Train_Outline,Outline,triangle,0.85,0.9808,0.85,0.9107
DINOv3,Train_Outline,Dotted,car,0.9167,1.0,0.9167,0.9565
DINOv3,Train_Outline,Dotted,cat,0.9167,0.6548,0.9167,0.7639
DINOv3,Train_Outline,Dotted,chair,0.9833,1.0,0.9833,0.9916
DINOv3,Train_Outline,Dotted,circle,0.85,1.0,0.85,0.9189
DINOv3,Train_Outline,Dotted,cup,0.7833,0.8704,0.7833,0.8246
DINOv3,Train_Outline,Dotted,dog,0.6333,0.7917,0.6333,0.7037
DINOv3,Train_Outline,Dotted,rectangle,0.2,1.0,0.2,0.3333
DINOv3,Train_Outline,Dotted,square,1.0,0.4724,1.0,0.6417
DINOv3,Train_Outline,Dotted,table,0.95,1.0,0.95,0.9744
DINOv3,Train_Outline,Dotted,triangle,0.85,0.9623,0.85,0.9027
DINOv3,Train_Outline,Dashed,car,0.95,1.0,0.95,0.9744
DINOv3,Train_Outline,Dashed,cat,0.9167,0.7639,0.9167,0.8333
DINOv3,Train_Outline,Dashed,chair,0.9833,1.0,0.9833,0.9916
DINOv3,Train_Outline,Dashed,circle,0.8667,1.0,0.8667,0.9286
DINOv3,Train_Outline,Dashed,cup,0.8667,0.8667,0.8667,0.8667
DINOv3,Train_Outline,Dashed,dog,0.7333,0.8462,0.7333,0.7857
DINOv3,Train_Outline,Dashed,rectangle,0.6833,0.6029,0.6833,0.6406
DINOv3,Train_Outline,Dashed,square,0.55,0.4714,0.55,0.5077
DINOv3,Train_Outline,Dashed,table,0.9667,1.0,0.9667,0.9831
DINOv3,Train_Outline,Dashed,triangle,0.85,0.9808,0.85,0.9107
DINOv3,Train_Outline,Sketch,car,0.9833,0.9516,0.9833,0.9672
DINOv3,Train_Outline,Sketch,cat,0.9,0.9153,0.9,0.9076
DINOv3,Train_Outline,Sketch,chair,0.9833,0.9219,0.9833,0.9516
DINOv3,Train_Outline,Sketch,circle,0.9667,0.9667,0.9667,0.9667
DINOv3,Train_Outline,Sketch,cup,0.9833,0.5619,0.9833,0.7152
DINOv3,Train_Outline,Sketch,dog,0.7,0.9545,0.7,0.8077
DINOv3,Train_Outline,Sketch,rectangle,0.25,0.4839,0.25,0.3297
DINOv3,Train_Outline,Sketch,square,0.4667,0.549,0.4667,0.5045
DINOv3,Train_Outline,Sketch,table,0.9667,0.9667,0.9667,0.9667
DINOv3,Train_Outline,Sketch,triangle,1.0,0.9375,1.0,0.9677
DINOv3,Train_Outline,Silhouette,car,0.8833,1.0,0.8833,0.9381
DINOv3,Train_Outline,Silhouette,cat,0.5,0.6818,0.5,0.5769
DINOv3,Train_Outline,Silhouette,chair,0.9333,1.0,0.9333,0.9655
DINOv3,Train_Outline,Silhouette,circle,1.0,1.0,1.0,1.0
DINOv3,Train_Outline,Silhouette,cup,0.8333,0.6098,0.8333,0.7042
DINOv3,Train_Outline,Silhouette,dog,0.6667,0.6667,0.6667,0.6667
DINOv3,Train_Outline,Silhouette,rectangle,0.8333,0.5882,0.8333,0.6897
DINOv3,Train_Outline,Silhouette,square,0.4667,0.7179,0.4667,0.5657
DINOv3,Train_Outline,Silhouette,table,0.8333,0.8929,0.8333,0.8621
DINOv3,Train_Outline,Silhouette,triangle,1.0,0.9231,1.0,0.96
DINOv3,Train_Outline,ColorTint_Red,car,0.9167,0.7051,0.9167,0.7971
DINOv3,Train_Outline,ColorTint_Red,cat,0.3667,0.9167,0.3667,0.5238
DINOv3,Train_Outline,ColorTint_Red,chair,1.0,0.9091,1.0,0.9524
DINOv3,Train_Outline,ColorTint_Red,circle,0.9333,0.8235,0.9333,0.875
DINOv3,Train_Outline,ColorTint_Red,cup,0.8833,0.9636,0.8833,0.9217
DINOv3,Train_Outline,ColorTint_Red,dog,0.2667,0.9412,0.2667,0.4156
DINOv3,Train_Outline,ColorTint_Red,rectangle,0.8833,0.4609,0.8833,0.6057
DINOv3,Train_Outline,ColorTint_Red,square,0.25,0.3333,0.25,0.2857
DINOv3,Train_Outline,ColorTint_Red,table,1.0,0.9231,1.0,0.96
DINOv3,Train_Outline,ColorTint_Red,triangle,1.0,0.8955,1.0,0.9449
DINOv3,Train_Outline,ColorTint_Green,car,0.95,0.75,0.95,0.8382
DINOv3,Train_Outline,ColorTint_Green,cat,0.2667,0.8,0.2667,0.4
DINOv3,Train_Outline,ColorTint_Green,chair,1.0,0.9375,1.0,0.9677
DINOv3,Train_Outline,ColorTint_Green,circle,0.5167,0.7949,0.5167,0.6263
DINOv3,Train_Outline,ColorTint_Green,cup,0.8667,0.9286,0.8667,0.8966
DINOv3,Train_Outline,ColorTint_Green,dog,0.3333,0.9091,0.3333,0.4878
DINOv3,Train_Outline,ColorTint_Green,rectangle,0.8333,0.4505,0.8333,0.5848
DINOv3,Train_Outline,ColorTint_Green,square,0.3333,0.2469,0.3333,0.2837
DINOv3,Train_Outline,ColorTint_Green,table,0.9833,0.8806,0.9833,0.9291
DINOv3,Train_Outline,ColorTint_Green,triangle,1.0,0.9375,1.0,0.9677
DINOv3,Train_Outline,ColorTint_Blue,car,0.95,0.7308,0.95,0.8261
DINOv3,Train_Outline,ColorTint_Blue,cat,0.3333,0.9524,0.3333,0.4938
DINOv3,Train_Outline,ColorTint_Blue,chair,1.0,0.9091,1.0,0.9524
DINOv3,Train_Outline,ColorTint_Blue,circle,0.7833,0.7833,0.7833,0.7833
DINOv3,Train_Outline,ColorTint_Blue,cup,0.8667,0.8814,0.8667,0.8739
DINOv3,Train_Outline,ColorTint_Blue,dog,0.35,0.9545,0.35,0.5122
DINOv3,Train_Outline,ColorTint_Blue,rectangle,0.7167,0.5584,0.7167,0.6277
DINOv3,Train_Outline,ColorTint_Blue,square,0.6333,0.4419,0.6333,0.5205
DINOv3,Train_Outline,ColorTint_Blue,table,0.9833,0.8806,0.9833,0.9291
DINOv3,Train_Outline,ColorTint_Blue,triangle,1.0,0.9375,1.0,0.9677
DINOv3,Train_Dotted,Original,car,0.8833,0.6386,0.8833,0.7413
DINOv3,Train_Dotted,Original,cat,0.5333,0.7619,0.5333,0.6275
DINOv3,Train_Dotted,Original,chair,1.0,0.8108,1.0,0.8955
DINOv3,Train_Dotted,Original,circle,0.2833,0.7083,0.2833,0.4048
DINOv3,Train_Dotted,Original,cup,0.7667,0.8679,0.7667,0.8142
DINOv3,Train_Dotted,Original,dog,0.1833,0.8462,0.1833,0.3014
DINOv3,Train_Dotted,Original,rectangle,0.7333,0.4731,0.7333,0.5752
DINOv3,Train_Dotted,Original,square,0.3333,0.4545,0.3333,0.3846
DINOv3,Train_Dotted,Original,table,1.0,0.8451,1.0,0.916
DINOv3,Train_Dotted,Original,triangle,1.0,0.5825,1.0,0.7362
DINOv3,Train_Dotted,Outline,car,0.9667,0.9667,0.9667,0.9667
DINOv3,Train_Dotted,Outline,cat,0.8167,0.8448,0.8167,0.8305
DINOv3,Train_Dotted,Outline,chair,1.0,1.0,1.0,1.0
DINOv3,Train_Dotted,Outline,circle,0.8333,1.0,0.8333,0.9091
DINOv3,Train_Dotted,Outline,cup,0.9,0.9,0.9,0.9
DINOv3,Train_Dotted,Outline,dog,0.8,0.7742,0.8,0.7869
DINOv3,Train_Dotted,Outline,rectangle,0.7833,0.6104,0.7833,0.6861
DINOv3,Train_Dotted,Outline,square,0.5,0.5,0.5,0.5
DINOv3,Train_Dotted,Outline,table,0.9667,0.9831,0.9667,0.9748
DINOv3,Train_Dotted,Outline,triangle,0.85,0.9444,0.85,0.8947
DINOv3,Train_Dotted,Dotted,car,0.95,0.9828,0.95,0.9661
DINOv3,Train_Dotted,Dotted,cat,0.8167,0.7424,0.8167,0.7778
DINOv3,Train_Dotted,Dotted,chair,0.9667,1.0,0.9667,0.9831
DINOv3,Train_Dotted,Dotted,circle,0.8667,0.9811,0.8667,0.9204
DINOv3,Train_Dotted,Dotted,cup,0.8667,0.9286,0.8667,0.8966
DINOv3,Train_Dotted,Dotted,dog,0.7167,0.7049,0.7167,0.7107
DINOv3,Train_Dotted,Dotted,rectangle,0.5833,0.7447,0.5833,0.6542
DINOv3,Train_Dotted,Dotted,square,0.8,0.5333,0.8,0.64
DINOv3,Train_Dotted,Dotted,table,0.9667,0.9831,0.9667,0.9748
DINOv3,Train_Dotted,Dotted,triangle,0.85,0.9808,0.85,0.9107
DINOv3,Train_Dotted,Dashed,car,0.95,0.9828,0.95,0.9661
DINOv3,Train_Dotted,Dashed,cat,0.8667,0.8387,0.8667,0.8525
DINOv3,Train_Dotted,Dashed,chair,0.9833,1.0,0.9833,0.9916
DINOv3,Train_Dotted,Dashed,circle,0.8667,1.0,0.8667,0.9286
DINOv3,Train_Dotted,Dashed,cup,0.85,0.8644,0.85,0.8571
DINOv3,Train_Dotted,Dashed,dog,0.8,0.7742,0.8,0.7869
DINOv3,Train_Dotted,Dashed,rectangle,0.7833,0.5402,0.7833,0.6395
DINOv3,Train_Dotted,Dashed,square,0.3333,0.4,0.3333,0.3636
DINOv3,Train_Dotted,Dashed,table,0.95,0.9828,0.95,0.9661
DINOv3,Train_Dotted,Dashed,triangle,0.85,0.9623,0.85,0.9027
DINOv3,Train_Dotted,Sketch,car,0.9667,0.8286,0.9667,0.8923
DINOv3,Train_Dotted,Sketch,cat,0.75,0.9184,0.75,0.8257
DINOv3,Train_Dotted,Sketch,chair,0.9833,0.9833,0.9833,0.9833
DINOv3,Train_Dotted,Sketch,circle,0.9833,0.9672,0.9833,0.9752
DINOv3,Train_Dotted,Sketch,cup,0.95,0.6477,0.95,0.7703
DINOv3,Train_Dotted,Sketch,dog,0.7,0.7925,0.7,0.7434
DINOv3,Train_Dotted,Sketch,rectangle,0.6,0.4737,0.6,0.5294
DINOv3,Train_Dotted,Sketch,square,0.1167,0.5,0.1167,0.1892
DINOv3,Train_Dotted,Sketch,table,0.9833,0.9672,0.9833,0.9752
DINOv3,Train_Dotted,Sketch,triangle,1.0,0.8824,1.0,0.9375
DINOv3,Train_Dotted,Silhouette,car,0.9167,0.9483,0.9167,0.9322
DINOv3,Train_Dotted,Silhouette,cat,0.3667,0.8148,0.3667,0.5057
DINOv3,Train_Dotted,Silhouette,chair,0.9167,0.9821,0.9167,0.9483
DINOv3,Train_Dotted,Silhouette,circle,1.0,0.9836,1.0,0.9917
DINOv3,Train_Dotted,Silhouette,cup,0.8333,0.641,0.8333,0.7246
DINOv3,Train_Dotted,Silhouette,dog,0.8167,0.5904,0.8167,0.6853
DINOv3,Train_Dotted,Silhouette,rectangle,0.6833,0.5616,0.6833,0.6165
DINOv3,Train_Dotted,Silhouette,square,0.5,0.625,0.5,0.5556
DINOv3,Train_Dotted,Silhouette,table,0.8,0.9231,0.8,0.8571
DINOv3,Train_Dotted,Silhouette,triangle,1.0,0.9375,1.0,0.9677
DINOv3,Train_Dotted,ColorTint_Red,car,0.9333,0.6292,0.9333,0.7517
DINOv3,Train_Dotted,ColorTint_Red,cat,0.5333,0.8,0.5333,0.64
DINOv3,Train_Dotted,ColorTint_Red,chair,1.0,0.8451,1.0,0.916
DINOv3,Train_Dotted,ColorTint_Red,circle,0.5667,0.8718,0.5667,0.6869
DINOv3,Train_Dotted,ColorTint_Red,cup,0.8,0.8421,0.8,0.8205
DINOv3,Train_Dotted,ColorTint_Red,dog,0.2,0.9231,0.2,0.3288
DINOv3,Train_Dotted,ColorTint_Red,rectangle,0.9167,0.5238,0.9167,0.6667
DINOv3,Train_Dotted,ColorTint_Red,square,0.25,0.5556,0.25,0.3448
DINOv3,Train_Dotted,ColorTint_Red,table,1.0,0.8451,1.0,0.916
DINOv3,Train_Dotted,ColorTint_Red,triangle,1.0,0.6818,1.0,0.8108
DINOv3,Train_Dotted,ColorTint_Green,car,0.9167,0.6322,0.9167,0.7483
DINOv3,Train_Dotted,ColorTint_Green,cat,0.5667,0.7727,0.5667,0.6538
DINOv3,Train_Dotted,ColorTint_Green,chair,1.0,0.8696,1.0,0.9302
DINOv3,Train_Dotted,ColorTint_Green,circle,0.0667,0.5,0.0667,0.1176
DINOv3,Train_Dotted,ColorTint_Green,cup,0.85,0.8947,0.85,0.8718
DINOv3,Train_Dotted,ColorTint_Green,dog,0.2167,1.0,0.2167,0.3562
DINOv3,Train_Dotted,ColorTint_Green,rectangle,0.75,0.5056,0.75,0.604
DINOv3,Train_Dotted,ColorTint_Green,square,0.45,0.5192,0.45,0.4821
DINOv3,Train_Dotted,ColorTint_Green,table,1.0,0.8696,1.0,0.9302
DINOv3,Train_Dotted,ColorTint_Green,triangle,1.0,0.5357,1.0,0.6977
DINOv3,Train_Dotted,ColorTint_Blue,car,0.95,0.7215,0.95,0.8201
DINOv3,Train_Dotted,ColorTint_Blue,cat,0.6,0.8372,0.6,0.699
DINOv3,Train_Dotted,ColorTint_Blue,chair,1.0,0.8,1.0,0.8889
DINOv3,Train_Dotted,ColorTint_Blue,circle,0.35,0.84,0.35,0.4941
DINOv3,Train_Dotted,ColorTint_Blue,cup,0.8667,0.9123,0.8667,0.8889
DINOv3,Train_Dotted,ColorTint_Blue,dog,0.2167,0.9286,0.2167,0.3514
DINOv3,Train_Dotted,ColorTint_Blue,rectangle,0.7,0.56,0.7,0.6222
DINOv3,Train_Dotted,ColorTint_Blue,square,0.5167,0.4844,0.5167,0.5
DINOv3,Train_Dotted,ColorTint_Blue,table,1.0,0.8108,1.0,0.8955
DINOv3,Train_Dotted,ColorTint_Blue,triangle,1.0,0.6383,1.0,0.7792
DINOv3,Train_Dashed,Original,car,0.8833,0.8281,0.8833,0.8548
DINOv3,Train_Dashed,Original,cat,0.2,0.6316,0.2,0.3038
DINOv3,Train_Dashed,Original,chair,1.0,0.6383,1.0,0.7792
DINOv3,Train_Dashed,Original,circle,1.0,0.8571,1.0,0.9231
DINOv3,Train_Dashed,Original,cup,0.7667,0.8214,0.7667,0.7931
DINOv3,Train_Dashed,Original,dog,0.2667,0.64,0.2667,0.3765
DINOv3,Train_Dashed,Original,rectangle,1.0,0.4839,1.0,0.6522
DINOv3,Train_Dashed,Original,square,0.05,0.3333,0.05,0.087
DINOv3,Train_Dashed,Original,table,1.0,0.8219,1.0,0.9023
DINOv3,Train_Dashed,Original,triangle,1.0,0.9091,1.0,0.9524
DINOv3,Train_Dashed,Outline,car,0.95,1.0,0.95,0.9744
DINOv3,Train_Dashed,Outline,cat,0.9,0.8308,0.9,0.864
DINOv3,Train_Dashed,Outline,chair,1.0,1.0,1.0,1.0
DINOv3,Train_Dashed,Outline,circle,0.8667,1.0,0.8667,0.9286
DINOv3,Train_Dashed,Outline,cup,0.8333,0.9091,0.8333,0.8696
DINOv3,Train_Dashed,Outline,dog,0.8667,0.8254,0.8667,0.8455
DINOv3,Train_Dashed,Outline,rectangle,0.65,0.6964,0.65,0.6724
DINOv3,Train_Dashed,Outline,square,0.7167,0.5309,0.7167,0.6099
DINOv3,Train_Dashed,Outline,table,0.9833,1.0,0.9833,0.9916
DINOv3,Train_Dashed,Outline,triangle,0.85,0.9808,0.85,0.9107
DINOv3,Train_Dashed,Dotted,car,0.9167,1.0,0.9167,0.9565
DINOv3,Train_Dashed,Dotted,cat,0.7667,0.7302,0.7667,0.748
DINOv3,Train_Dashed,Dotted,chair,0.9833,1.0,0.9833,0.9916
DINOv3,Train_Dashed,Dotted,circle,0.8667,1.0,0.8667,0.9286
DINOv3,Train_Dashed,Dotted,cup,0.8,0.8421,0.8,0.8205
DINOv3,Train_Dashed,Dotted,dog,0.7833,0.7231,0.7833,0.752
DINOv3,Train_Dashed,Dotted,rectangle,0.5833,0.7143,0.5833,0.6422
DINOv3,Train_Dashed,Dotted,square,0.7667,0.5227,0.7667,0.6216
DINOv3,Train_Dashed,Dotted,table,0.9833,0.9833,0.9833,0.9833
DINOv3,Train_Dashed,Dotted,triangle,0.85,0.9808,0.85,0.9107
DINOv3,Train_Dashed,Dashed,car,0.95,1.0,0.95,0.9744
DINOv3,Train_Dashed,Dashed,cat,0.85,0.7969,0.85,0.8226
DINOv3,Train_Dashed,Dashed,chair,1.0,1.0,1.0,1.0
DINOv3,Train_Dashed,Dashed,circle,0.8667,1.0,0.8667,0.9286
DINOv3,Train_Dashed,Dashed,cup,0.85,0.8947,0.85,0.8718
DINOv3,Train_Dashed,Dashed,dog,0.85,0.8095,0.85,0.8293
DINOv3,Train_Dashed,Dashed,rectangle,0.5833,0.7609,0.5833,0.6604
DINOv3,Train_Dashed,Dashed,square,0.8167,0.5385,0.8167,0.649
DINOv3,Train_Dashed,Dashed,table,0.9667,1.0,0.9667,0.9831
DINOv3,Train_Dashed,Dashed,triangle,0.85,0.9808,0.85,0.9107
DINOv3,Train_Dashed,Sketch,car,0.9667,0.9355,0.9667,0.9508
DINOv3,Train_Dashed,Sketch,cat,0.7333,0.9362,0.7333,0.8224
DINOv3,Train_Dashed,Sketch,chair,1.0,0.9677,1.0,0.9836
DINOv3,Train_Dashed,Sketch,circle,0.9833,0.9833,0.9833,0.9833
DINOv3,Train_Dashed,Sketch,cup,0.9667,0.5421,0.9667,0.6946
DINOv3,Train_Dashed,Sketch,dog,0.8333,0.8772,0.8333,0.8547
DINOv3,Train_Dashed,Sketch,rectangle,0.2667,0.5714,0.2667,0.3636
DINOv3,Train_Dashed,Sketch,square,0.5333,0.6038,0.5333,0.5664
DINOv3,Train_Dashed,Sketch,table,0.9667,1.0,0.9667,0.9831
DINOv3,Train_Dashed,Sketch,triangle,0.9833,0.8939,0.9833,0.9365
DINOv3,Train_Dashed,Silhouette,car,0.9167,1.0,0.9167,0.9565
DINOv3,Train_Dashed,Silhouette,cat,0.3833,0.7188,0.3833,0.5
DINOv3,Train_Dashed,Silhouette,chair,0.9333,0.9825,0.9333,0.9573
DINOv3,Train_Dashed,Silhouette,circle,1.0,0.9677,1.0,0.9836
DINOv3,Train_Dashed,Silhouette,cup,0.7667,0.6301,0.7667,0.6917
DINOv3,Train_Dashed,Silhouette,dog,0.7667,0.5227,0.7667,0.6216
DINOv3,Train_Dashed,Silhouette,rectangle,0.6333,0.6552,0.6333,0.6441
DINOv3,Train_Dashed,Silhouette,square,0.6667,0.5556,0.6667,0.6061
DINOv3,Train_Dashed,Silhouette,table,0.7667,1.0,0.7667,0.8679
DINOv3,Train_Dashed,Silhouette,triangle,0.9167,0.9649,0.9167,0.9402
DINOv3,Train_Dashed,ColorTint_Red,car,0.9,0.9153,0.9,0.9076
DINOv3,Train_Dashed,ColorTint_Red,cat,0.2833,0.85,0.2833,0.425
DINOv3,Train_Dashed,ColorTint_Red,chair,1.0,0.6383,1.0,0.7792
DINOv3,Train_Dashed,ColorTint_Red,circle,1.0,0.8955,1.0,0.9449
DINOv3,Train_Dashed,ColorTint_Red,cup,0.9333,0.8235,0.9333,0.875
DINOv3,Train_Dashed,ColorTint_Red,dog,0.2667,0.8,0.2667,0.4
DINOv3,Train_Dashed,ColorTint_Red,rectangle,1.0,0.4762,1.0,0.6452
DINOv3,Train_Dashed,ColorTint_Red,square,0.05,0.6,0.05,0.0923
DINOv3,Train_Dashed,ColorTint_Red,table,1.0,0.8571,1.0,0.9231
DINOv3,Train_Dashed,ColorTint_Red,triangle,1.0,0.8451,1.0,0.916
DINOv3,Train_Dashed,ColorTint_Green,car,0.9,0.871,0.9,0.8852
DINOv3,Train_Dashed,ColorTint_Green,cat,0.25,0.7895,0.25,0.3797
DINOv3,Train_Dashed,ColorTint_Green,chair,1.0,0.625,1.0,0.7692
DINOv3,Train_Dashed,ColorTint_Green,circle,1.0,0.8451,1.0,0.916
DINOv3,Train_Dashed,ColorTint_Green,cup,0.8833,0.8689,0.8833,0.876
DINOv3,Train_Dashed,ColorTint_Green,dog,0.4,0.75,0.4,0.5217
DINOv3,Train_Dashed,ColorTint_Green,rectangle,1.0,0.4839,1.0,0.6522
DINOv3,Train_Dashed,ColorTint_Green,square,0.0167,0.25,0.0167,0.0312
DINOv3,Train_Dashed,ColorTint_Green,table,1.0,0.8955,1.0,0.9449
DINOv3,Train_Dashed,ColorTint_Green,triangle,1.0,0.9375,1.0,0.9677
DINOv3,Train_Dashed,ColorTint_Blue,car,0.9,0.9,0.9,0.9
DINOv3,Train_Dashed,ColorTint_Blue,cat,0.35,0.8077,0.35,0.4884
DINOv3,Train_Dashed,ColorTint_Blue,chair,1.0,0.6383,1.0,0.7792
DINOv3,Train_Dashed,ColorTint_Blue,circle,1.0,0.8696,1.0,0.9302
DINOv3,Train_Dashed,ColorTint_Blue,cup,0.95,0.8028,0.95,0.8702
DINOv3,Train_Dashed,ColorTint_Blue,dog,0.2833,0.85,0.2833,0.425
DINOv3,Train_Dashed,ColorTint_Blue,rectangle,0.9667,0.4915,0.9667,0.6517
DINOv3,Train_Dashed,ColorTint_Blue,square,0.0833,0.5,0.0833,0.1429
DINOv3,Train_Dashed,ColorTint_Blue,table,1.0,0.8955,1.0,0.9449
DINOv3,Train_Dashed,ColorTint_Blue,triangle,1.0,0.9231,1.0,0.96
DINOv3,Train_Sketch,Original,car,0.9833,0.8082,0.9833,0.8872
DINOv3,Train_Sketch,Original,cat,0.8667,1.0,0.8667,0.9286
DINOv3,Train_Sketch,Original,chair,1.0,0.9375,1.0,0.9677
DINOv3,Train_Sketch,Original,circle,1.0,0.9375,1.0,0.9677
DINOv3,Train_Sketch,Original,cup,0.8833,0.8281,0.8833,0.8548
DINOv3,Train_Sketch,Original,dog,0.2833,0.85,0.2833,0.425
DINOv3,Train_Sketch,Original,rectangle,0.8333,0.5051,0.8333,0.6289
DINOv3,Train_Sketch,Original,square,0.2667,0.5926,0.2667,0.3678
DINOv3,Train_Sketch,Original,table,1.0,0.7895,1.0,0.8824
DINOv3,Train_Sketch,Original,triangle,1.0,0.9836,1.0,0.9917
DINOv3,Train_Sketch,Outline,car,0.95,1.0,0.95,0.9744
DINOv3,Train_Sketch,Outline,cat,0.8333,0.8929,0.8333,0.8621
DINOv3,Train_Sketch,Outline,chair,1.0,0.9677,1.0,0.9836
DINOv3,Train_Sketch,Outline,circle,0.8667,0.9811,0.8667,0.9204
DINOv3,Train_Sketch,Outline,cup,0.6667,0.9756,0.6667,0.7921
DINOv3,Train_Sketch,Outline,dog,0.8167,0.8033,0.8167,0.8099
DINOv3,Train_Sketch,Outline,rectangle,0.8,0.466,0.8,0.589
DINOv3,Train_Sketch,Outline,square,0.2167,0.2955,0.2167,0.25
DINOv3,Train_Sketch,Outline,table,0.9833,1.0,0.9833,0.9916
DINOv3,Train_Sketch,Outline,triangle,0.85,0.7969,0.85,0.8226
DINOv3,Train_Sketch,Dotted,car,0.9333,1.0,0.9333,0.9655
DINOv3,Train_Sketch,Dotted,cat,0.8167,0.7206,0.8167,0.7656
DINOv3,Train_Sketch,Dotted,chair,0.9833,0.9833,0.9833,0.9833
DINOv3,Train_Sketch,Dotted,circle,0.8667,0.9286,0.8667,0.8966
DINOv3,Train_Sketch,Dotted,cup,0.5167,0.8611,0.5167,0.6458
DINOv3,Train_Sketch,Dotted,dog,0.4833,0.725,0.4833,0.58
DINOv3,Train_Sketch,Dotted,rectangle,0.8333,0.4587,0.8333,0.5917
DINOv3,Train_Sketch,Dotted,square,0.15,0.2368,0.15,0.1837
DINOv3,Train_Sketch,Dotted,table,0.9167,1.0,0.9167,0.9565
DINOv3,Train_Sketch,Dotted,triangle,0.85,0.622,0.85,0.7183
DINOv3,Train_Sketch,Dashed,car,0.95,0.9828,0.95,0.9661
DINOv3,Train_Sketch,Dashed,cat,0.85,0.9107,0.85,0.8793
DINOv3,Train_Sketch,Dashed,chair,0.9833,0.9672,0.9833,0.9752
DINOv3,Train_Sketch,Dashed,circle,0.8667,0.9811,0.8667,0.9204
DINOv3,Train_Sketch,Dashed,cup,0.7167,0.9556,0.7167,0.819
DINOv3,Train_Sketch,Dashed,dog,0.8167,0.8305,0.8167,0.8235
DINOv3,Train_Sketch,Dashed,rectangle,0.8167,0.4623,0.8167,0.5904
DINOv3,Train_Sketch,Dashed,square,0.1833,0.2683,0.1833,0.2178
DINOv3,Train_Sketch,Dashed,table,0.9333,1.0,0.9333,0.9655
DINOv3,Train_Sketch,Dashed,triangle,0.85,0.7846,0.85,0.816
DINOv3,Train_Sketch,Sketch,car,0.9667,1.0,0.9667,0.9831
DINOv3,Train_Sketch,Sketch,cat,0.9,0.931,0.9,0.9153
DINOv3,Train_Sketch,Sketch,chair,0.9833,0.9833,0.9833,0.9833
DINOv3,Train_Sketch,Sketch,circle,1.0,1.0,1.0,1.0
DINOv3,Train_Sketch,Sketch,cup,0.9833,0.8806,0.9833,0.9291
DINOv3,Train_Sketch,Sketch,dog,0.8833,0.9298,0.8833,0.906
DINOv3,Train_Sketch,Sketch,rectangle,0.5167,0.5849,0.5167,0.5487
DINOv3,Train_Sketch,Sketch,square,0.65,0.5735,0.65,0.6094
DINOv3,Train_Sketch,Sketch,table,0.95,0.9828,0.95,0.9661
DINOv3,Train_Sketch,Sketch,triangle,1.0,0.9836,1.0,0.9917
DINOv3,Train_Sketch,Silhouette,car,0.85,1.0,0.85,0.9189
DINOv3,Train_Sketch,Silhouette,cat,0.4167,0.7353,0.4167,0.5319
DINOv3,Train_Sketch,Silhouette,chair,0.9,1.0,0.9,0.9474
DINOv3,Train_Sketch,Silhouette,circle,1.0,0.9524,1.0,0.9756
DINOv3,Train_Sketch,Silhouette,cup,0.8333,0.641,0.8333,0.7246
DINOv3,Train_Sketch,Silhouette,dog,0.4833,0.6905,0.4833,0.5686
DINOv3,Train_Sketch,Silhouette,rectangle,0.3,0.2951,0.3,0.2975
DINOv3,Train_Sketch,Silhouette,square,0.9833,0.5566,0.9833,0.7108
DINOv3,Train_Sketch,Silhouette,table,0.75,0.9783,0.75,0.8491
DINOv3,Train_Sketch,Silhouette,triangle,1.0,0.9231,1.0,0.96
DINOv3,Train_Sketch,ColorTint_Red,car,0.9833,0.8082,0.9833,0.8872
DINOv3,Train_Sketch,ColorTint_Red,cat,0.9167,1.0,0.9167,0.9565
DINOv3,Train_Sketch,ColorTint_Red,chair,1.0,0.8955,1.0,0.9449
DINOv3,Train_Sketch,ColorTint_Red,circle,1.0,0.9375,1.0,0.9677
DINOv3,Train_Sketch,ColorTint_Red,cup,0.9333,0.9032,0.9333,0.918
DINOv3,Train_Sketch,ColorTint_Red,dog,0.4667,0.9655,0.4667,0.6292
DINOv3,Train_Sketch,ColorTint_Red,rectangle,0.8833,0.5096,0.8833,0.6463
DINOv3,Train_Sketch,ColorTint_Red,square,0.1833,0.6111,0.1833,0.2821
DINOv3,Train_Sketch,ColorTint_Red,table,1.0,0.8955,1.0,0.9449
DINOv3,Train_Sketch,ColorTint_Red,triangle,1.0,0.9836,1.0,0.9917
DINOv3,Train_Sketch,ColorTint_Green,car,0.9667,0.7733,0.9667,0.8593
DINOv3,Train_Sketch,ColorTint_Green,cat,0.9333,1.0,0.9333,0.9655
DINOv3,Train_Sketch,ColorTint_Green,chair,1.0,0.9091,1.0,0.9524
DINOv3,Train_Sketch,ColorTint_Green,circle,0.9833,0.9219,0.9833,0.9516
DINOv3,Train_Sketch,ColorTint_Green,cup,0.9167,0.9322,0.9167,0.9244
DINOv3,Train_Sketch,ColorTint_Green,dog,0.35,0.913,0.35,0.506
DINOv3,Train_Sketch,ColorTint_Green,rectangle,0.8333,0.5051,0.8333,0.6289
DINOv3,Train_Sketch,ColorTint_Green,square,0.2667,0.5714,0.2667,0.3636
DINOv3,Train_Sketch,ColorTint_Green,table,1.0,0.8696,1.0,0.9302
DINOv3,Train_Sketch,ColorTint_Green,triangle,1.0,0.9836,1.0,0.9917
DINOv3,Train_Sketch,ColorTint_Blue,car,0.9833,0.8082,0.9833,0.8872
DINOv3,Train_Sketch,ColorTint_Blue,cat,0.95,1.0,0.95,0.9744
DINOv3,Train_Sketch,ColorTint_Blue,chair,1.0,0.8696,1.0,0.9302
DINOv3,Train_Sketch,ColorTint_Blue,circle,0.9833,0.9672,0.9833,0.9752
DINOv3,Train_Sketch,ColorTint_Blue,cup,0.9333,0.918,0.9333,0.9256
DINOv3,Train_Sketch,ColorTint_Blue,dog,0.45,0.9643,0.45,0.6136
DINOv3,Train_Sketch,ColorTint_Blue,rectangle,0.9167,0.4661,0.9167,0.618
DINOv3,Train_Sketch,ColorTint_Blue,square,0.0333,0.3333,0.0333,0.0606
DINOv3,Train_Sketch,ColorTint_Blue,table,1.0,0.8955,1.0,0.9449
DINOv3,Train_Sketch,ColorTint_Blue,triangle,1.0,1.0,1.0,1.0
DINOv3,Train_Silhouette,Original,car,0.9,0.8182,0.9,0.8571
DINOv3,Train_Silhouette,Original,cat,0.4667,0.7568,0.4667,0.5773
DINOv3,Train_Silhouette,Original,chair,1.0,0.7407,1.0,0.8511
DINOv3,Train_Silhouette,Original,circle,0.9667,0.7945,0.9667,0.8722
DINOv3,Train_Silhouette,Original,cup,0.75,0.7759,0.75,0.7627
DINOv3,Train_Silhouette,Original,dog,0.0833,0.5556,0.0833,0.1449
DINOv3,Train_Silhouette,Original,rectangle,0.35,0.5,0.35,0.4118
DINOv3,Train_Silhouette,Original,square,0.7667,0.4554,0.7667,0.5714
DINOv3,Train_Silhouette,Original,table,0.95,0.9344,0.95,0.9421
DINOv3,Train_Silhouette,Original,triangle,1.0,0.8333,1.0,0.9091
DINOv3,Train_Silhouette,Outline,car,0.9667,0.9508,0.9667,0.9587
DINOv3,Train_Silhouette,Outline,cat,0.9333,0.7273,0.9333,0.8175
DINOv3,Train_Silhouette,Outline,chair,1.0,0.9375,1.0,0.9677
DINOv3,Train_Silhouette,Outline,circle,0.8,1.0,0.8,0.8889
DINOv3,Train_Silhouette,Outline,cup,0.6167,0.925,0.6167,0.74
DINOv3,Train_Silhouette,Outline,dog,0.6833,0.7069,0.6833,0.6949
DINOv3,Train_Silhouette,Outline,rectangle,0.9833,0.4436,0.9833,0.6114
DINOv3,Train_Silhouette,Outline,square,0.0333,0.5,0.0333,0.0625
DINOv3,Train_Silhouette,Outline,table,0.9833,1.0,0.9833,0.9916
DINOv3,Train_Silhouette,Outline,triangle,0.85,0.9107,0.85,0.8793
DINOv3,Train_Silhouette,Dotted,car,0.9667,0.9355,0.9667,0.9508
DINOv3,Train_Silhouette,Dotted,cat,0.75,0.6522,0.75,0.6977
DINOv3,Train_Silhouette,Dotted,chair,0.9667,0.9355,0.9667,0.9508
DINOv3,Train_Silhouette,Dotted,circle,0.8167,1.0,0.8167,0.8991
DINOv3,Train_Silhouette,Dotted,cup,0.5333,0.9143,0.5333,0.6737
DINOv3,Train_Silhouette,Dotted,dog,0.6833,0.5775,0.6833,0.626
DINOv3,Train_Silhouette,Dotted,rectangle,0.3,0.4186,0.3,0.3495
DINOv3,Train_Silhouette,Dotted,square,0.0167,0.5,0.0167,0.0323
DINOv3,Train_Silhouette,Dotted,table,0.9833,0.9219,0.9833,0.9516
DINOv3,Train_Silhouette,Dotted,triangle,0.85,0.3566,0.85,0.5025
DINOv3,Train_Silhouette,Dashed,car,0.9667,0.9667,0.9667,0.9667
DINOv3,Train_Silhouette,Dashed,cat,0.95,0.7703,0.95,0.8507
DINOv3,Train_Silhouette,Dashed,chair,0.9833,0.9077,0.9833,0.944
DINOv3,Train_Silhouette,Dashed,circle,0.8,1.0,0.8,0.8889
DINOv3,Train_Silhouette,Dashed,cup,0.5333,0.9143,0.5333,0.6737
DINOv3,Train_Silhouette,Dashed,dog,0.75,0.6923,0.75,0.72
DINOv3,Train_Silhouette,Dashed,rectangle,0.95,0.4419,0.95,0.6032
DINOv3,Train_Silhouette,Dashed,square,0.05,0.4286,0.05,0.0896
DINOv3,Train_Silhouette,Dashed,table,0.95,0.9661,0.95,0.958
DINOv3,Train_Silhouette,Dashed,triangle,0.85,0.8793,0.85,0.8644
DINOv3,Train_Silhouette,Sketch,car,0.9833,0.9077,0.9833,0.944
DINOv3,Train_Silhouette,Sketch,cat,0.7833,0.7966,0.7833,0.7899
DINOv3,Train_Silhouette,Sketch,chair,1.0,0.8,1.0,0.8889
DINOv3,Train_Silhouette,Sketch,circle,1.0,1.0,1.0,1.0
DINOv3,Train_Silhouette,Sketch,cup,0.9167,0.7051,0.9167,0.7971
DINOv3,Train_Silhouette,Sketch,dog,0.7,0.913,0.7,0.7925
DINOv3,Train_Silhouette,Sketch,rectangle,0.15,0.5625,0.15,0.2368
DINOv3,Train_Silhouette,Sketch,square,0.5167,0.6327,0.5167,0.5688
DINOv3,Train_Silhouette,Sketch,table,0.9667,0.6988,0.9667,0.8112
DINOv3,Train_Silhouette,Sketch,triangle,1.0,0.8696,1.0,0.9302
DINOv3,Train_Silhouette,Silhouette,car,0.95,1.0,0.95,0.9744
DINOv3,Train_Silhouette,Silhouette,cat,0.6333,0.6333,0.6333,0.6333
DINOv3,Train_Silhouette,Silhouette,chair,0.9333,1.0,0.9333,0.9655
DINOv3,Train_Silhouette,Silhouette,circle,1.0,1.0,1.0,1.0
DINOv3,Train_Silhouette,Silhouette,cup,0.7333,0.8148,0.7333,0.7719
DINOv3,Train_Silhouette,Silhouette,dog,0.7,0.6176,0.7,0.6562
DINOv3,Train_Silhouette,Silhouette,rectangle,0.5,0.75,0.5,0.6
DINOv3,Train_Silhouette,Silhouette,square,0.8333,0.625,0.8333,0.7143
DINOv3,Train_Silhouette,Silhouette,table,0.9333,0.875,0.9333,0.9032
DINOv3,Train_Silhouette,Silhouette,triangle,1.0,0.9836,1.0,0.9917
DINOv3,Train_Silhouette,ColorTint_Red,car,0.9167,0.8209,0.9167,0.8661
DINOv3,Train_Silhouette,ColorTint_Red,cat,0.4833,0.8056,0.4833,0.6042
DINOv3,Train_Silhouette,ColorTint_Red,chair,1.0,0.6742,1.0,0.8054
DINOv3,Train_Silhouette,ColorTint_Red,circle,1.0,0.8696,1.0,0.9302
DINOv3,Train_Silhouette,ColorTint_Red,cup,0.8833,0.8548,0.8833,0.8689
DINOv3,Train_Silhouette,ColorTint_Red,dog,0.1167,1.0,0.1167,0.209
DINOv3,Train_Silhouette,ColorTint_Red,rectangle,0.4833,0.4833,0.4833,0.4833
DINOv3,Train_Silhouette,ColorTint_Red,square,0.6,0.4186,0.6,0.4932
DINOv3,Train_Silhouette,ColorTint_Red,table,0.9167,0.9649,0.9167,0.9402
DINOv3,Train_Silhouette,ColorTint_Red,triangle,1.0,0.8955,1.0,0.9449
DINOv3,Train_Silhouette,ColorTint_Green,car,0.9167,0.7534,0.9167,0.8271
DINOv3,Train_Silhouette,ColorTint_Green,cat,0.6167,0.8409,0.6167,0.7115
DINOv3,Train_Silhouette,ColorTint_Green,chair,1.0,0.7407,1.0,0.8511
DINOv3,Train_Silhouette,ColorTint_Green,circle,1.0,0.8451,1.0,0.916
DINOv3,Train_Silhouette,ColorTint_Green,cup,0.8,0.8,0.8,0.8
DINOv3,Train_Silhouette,ColorTint_Green,dog,0.1,0.8571,0.1,0.1791
DINOv3,Train_Silhouette,ColorTint_Green,rectangle,0.1333,0.5333,0.1333,0.2133
DINOv3,Train_Silhouette,ColorTint_Green,square,0.9667,0.4754,0.9667,0.6374
DINOv3,Train_Silhouette,ColorTint_Green,table,0.9167,0.9483,0.9167,0.9322
DINOv3,Train_Silhouette,ColorTint_Green,triangle,1.0,0.8696,1.0,0.9302
DINOv3,Train_Silhouette,ColorTint_Blue,car,0.9333,0.8358,0.9333,0.8819
DINOv3,Train_Silhouette,ColorTint_Blue,cat,0.65,0.8478,0.65,0.7358
DINOv3,Train_Silhouette,ColorTint_Blue,chair,1.0,0.75,1.0,0.8571
DINOv3,Train_Silhouette,ColorTint_Blue,circle,1.0,0.8451,1.0,0.916
DINOv3,Train_Silhouette,ColorTint_Blue,cup,0.8833,0.8548,0.8833,0.8689
DINOv3,Train_Silhouette,ColorTint_Blue,dog,0.1667,0.9091,0.1667,0.2817
DINOv3,Train_Silhouette,ColorTint_Blue,rectangle,0.4,0.6154,0.4,0.4848
DINOv3,Train_Silhouette,ColorTint_Blue,square,0.85,0.5204,0.85,0.6456
DINOv3,Train_Silhouette,ColorTint_Blue,table,0.9333,0.9655,0.9333,0.9492
DINOv3,Train_Silhouette,ColorTint_Blue,triangle,1.0,0.8824,1.0,0.9375
DINOv3,Train_ColorTint_Red,Original,car,0.9833,1.0,0.9833,0.9916
DINOv3,Train_ColorTint_Red,Original,cat,0.9833,1.0,0.9833,0.9916
DINOv3,Train_ColorTint_Red,Original,chair,1.0,1.0,1.0,1.0
DINOv3,Train_ColorTint_Red,Original,circle,1.0,1.0,1.0,1.0
DINOv3,Train_ColorTint_Red,Original,cup,1.0,0.9375,1.0,0.9677
DINOv3,Train_ColorTint_Red,Original,dog,0.95,1.0,0.95,0.9744
DINOv3,Train_ColorTint_Red,Original,rectangle,0.7,0.7368,0.7,0.7179
DINOv3,Train_ColorTint_Red,Original,square,0.7667,0.7188,0.7667,0.7419
DINOv3,Train_ColorTint_Red,Original,table,1.0,1.0,1.0,1.0
DINOv3,Train_ColorTint_Red,Original,triangle,1.0,1.0,1.0,1.0
DINOv3,Train_ColorTint_Red,Outline,car,0.9333,1.0,0.9333,0.9655
DINOv3,Train_ColorTint_Red,Outline,cat,0.4333,0.8966,0.4333,0.5843
DINOv3,Train_ColorTint_Red,Outline,chair,1.0,0.5505,1.0,0.7101
DINOv3,Train_ColorTint_Red,Outline,circle,0.7667,0.9388,0.7667,0.844
DINOv3,Train_ColorTint_Red,Outline,cup,0.5333,0.9697,0.5333,0.6882
DINOv3,Train_ColorTint_Red,Outline,dog,0.4167,0.9259,0.4167,0.5747
DINOv3,Train_ColorTint_Red,Outline,rectangle,0.45,0.4355,0.45,0.4426
DINOv3,Train_ColorTint_Red,Outline,square,0.75,0.5114,0.75,0.6081
DINOv3,Train_ColorTint_Red,Outline,table,0.9333,1.0,0.9333,0.9655
DINOv3,Train_ColorTint_Red,Outline,triangle,0.85,0.5604,0.85,0.6755
DINOv3,Train_ColorTint_Red,Dotted,car,0.8333,0.9804,0.8333,0.9009
DINOv3,Train_ColorTint_Red,Dotted,cat,0.1,0.6667,0.1,0.1739
DINOv3,Train_ColorTint_Red,Dotted,chair,1.0,0.566,1.0,0.7229
DINOv3,Train_ColorTint_Red,Dotted,circle,0.6833,0.9318,0.6833,0.7885
DINOv3,Train_ColorTint_Red,Dotted,cup,0.4,0.8571,0.4,0.5455
DINOv3,Train_ColorTint_Red,Dotted,dog,0.3,0.5806,0.3,0.3956
DINOv3,Train_ColorTint_Red,Dotted,rectangle,0.2333,0.3333,0.2333,0.2745
DINOv3,Train_ColorTint_Red,Dotted,square,0.3,0.4091,0.3,0.3462
DINOv3,Train_ColorTint_Red,Dotted,table,0.8167,0.98,0.8167,0.8909
DINOv3,Train_ColorTint_Red,Dotted,triangle,0.85,0.2615,0.85,0.4
DINOv3,Train_ColorTint_Red,Dashed,car,0.9333,1.0,0.9333,0.9655
DINOv3,Train_ColorTint_Red,Dashed,cat,0.4667,0.9655,0.4667,0.6292
DINOv3,Train_ColorTint_Red,Dashed,chair,0.9833,0.5364,0.9833,0.6941
DINOv3,Train_ColorTint_Red,Dashed,circle,0.8167,0.9245,0.8167,0.8673
DINOv3,Train_ColorTint_Red,Dashed,cup,0.5,0.9375,0.5,0.6522
DINOv3,Train_ColorTint_Red,Dashed,dog,0.4,0.8889,0.4,0.5517
DINOv3,Train_ColorTint_Red,Dashed,rectangle,0.4333,0.4815,0.4333,0.4561
DINOv3,Train_ColorTint_Red,Dashed,square,0.7667,0.5111,0.7667,0.6133
DINOv3,Train_ColorTint_Red,Dashed,table,0.7667,1.0,0.7667,0.8679
DINOv3,Train_ColorTint_Red,Dashed,triangle,0.85,0.4951,0.85,0.6258
DINOv3,Train_ColorTint_Red,Sketch,car,0.9333,1.0,0.9333,0.9655
DINOv3,Train_ColorTint_Red,Sketch,cat,0.8667,0.8966,0.8667,0.8814
DINOv3,Train_ColorTint_Red,Sketch,chair,1.0,0.4688,1.0,0.6383
DINOv3,Train_ColorTint_Red,Sketch,circle,0.9833,0.9672,0.9833,0.9752
DINOv3,Train_ColorTint_Red,Sketch,cup,0.95,0.7808,0.95,0.8571
DINOv3,Train_ColorTint_Red,Sketch,dog,0.6167,0.9737,0.6167,0.7551
DINOv3,Train_ColorTint_Red,Sketch,rectangle,0.2,0.6,0.2,0.3
DINOv3,Train_ColorTint_Red,Sketch,square,0.2333,0.3256,0.2333,0.2718
DINOv3,Train_ColorTint_Red,Sketch,table,0.8667,1.0,0.8667,0.9286
DINOv3,Train_ColorTint_Red,Sketch,triangle,0.9833,0.831,0.9833,0.9008
DINOv3,Train_ColorTint_Red,Silhouette,car,0.75,0.9783,0.75,0.8491
DINOv3,Train_ColorTint_Red,Silhouette,cat,0.2167,0.9286,0.2167,0.3514
DINOv3,Train_ColorTint_Red,Silhouette,chair,0.9667,0.7436,0.9667,0.8406
DINOv3,Train_ColorTint_Red,Silhouette,circle,1.0,0.6667,1.0,0.8
DINOv3,Train_ColorTint_Red,Silhouette,cup,0.7167,0.589,0.7167,0.6466
DINOv3,Train_ColorTint_Red,Silhouette,dog,0.25,0.8824,0.25,0.3896
DINOv3,Train_ColorTint_Red,Silhouette,rectangle,0.2,0.75,0.2,0.3158
DINOv3,Train_ColorTint_Red,Silhouette,square,1.0,0.531,1.0,0.6936
DINOv3,Train_ColorTint_Red,Silhouette,table,0.4167,1.0,0.4167,0.5882
DINOv3,Train_ColorTint_Red,Silhouette,triangle,1.0,0.4688,1.0,0.6383
DINOv3,Train_ColorTint_Red,ColorTint_Red,car,0.9833,1.0,0.9833,0.9916
DINOv3,Train_ColorTint_Red,ColorTint_Red,cat,0.9833,0.9672,0.9833,0.9752
DINOv3,Train_ColorTint_Red,ColorTint_Red,chair,1.0,1.0,1.0,1.0
DINOv3,Train_ColorTint_Red,ColorTint_Red,circle,1.0,1.0,1.0,1.0
DINOv3,Train_ColorTint_Red,ColorTint_Red,cup,1.0,0.9524,1.0,0.9756
DINOv3,Train_ColorTint_Red,ColorTint_Red,dog,0.9167,1.0,0.9167,0.9565
DINOv3,Train_ColorTint_Red,ColorTint_Red,rectangle,0.6667,0.7018,0.6667,0.6838
DINOv3,Train_ColorTint_Red,ColorTint_Red,square,0.75,0.6923,0.75,0.72
DINOv3,Train_ColorTint_Red,ColorTint_Red,table,1.0,1.0,1.0,1.0
DINOv3,Train_ColorTint_Red,ColorTint_Red,triangle,1.0,1.0,1.0,1.0
DINOv3,Train_ColorTint_Red,ColorTint_Green,car,1.0,1.0,1.0,1.0
DINOv3,Train_ColorTint_Red,ColorTint_Green,cat,0.9833,0.9672,0.9833,0.9752
DINOv3,Train_ColorTint_Red,ColorTint_Green,chair,1.0,1.0,1.0,1.0
DINOv3,Train_ColorTint_Red,ColorTint_Green,circle,1.0,1.0,1.0,1.0
DINOv3,Train_ColorTint_Red,ColorTint_Green,cup,1.0,0.9836,1.0,0.9917
DINOv3,Train_ColorTint_Red,ColorTint_Green,dog,0.95,1.0,0.95,0.9744
DINOv3,Train_ColorTint_Red,ColorTint_Green,rectangle,0.85,0.6145,0.85,0.7133
DINOv3,Train_ColorTint_Red,ColorTint_Green,square,0.4833,0.7632,0.4833,0.5918
DINOv3,Train_ColorTint_Red,ColorTint_Green,table,1.0,1.0,1.0,1.0
DINOv3,Train_ColorTint_Red,ColorTint_Green,triangle,1.0,1.0,1.0,1.0
DINOv3,Train_ColorTint_Red,ColorTint_Blue,car,0.9833,1.0,0.9833,0.9916
DINOv3,Train_ColorTint_Red,ColorTint_Blue,cat,0.9833,0.9516,0.9833,0.9672
DINOv3,Train_ColorTint_Red,ColorTint_Blue,chair,1.0,1.0,1.0,1.0
DINOv3,Train_ColorTint_Red,ColorTint_Blue,circle,1.0,1.0,1.0,1.0
DINOv3,Train_ColorTint_Red,ColorTint_Blue,cup,1.0,0.9677,1.0,0.9836
DINOv3,Train_ColorTint_Red,ColorTint_Blue,dog,0.9333,1.0,0.9333,0.9655
DINOv3,Train_ColorTint_Red,ColorTint_Blue,rectangle,0.4667,0.9032,0.4667,0.6154
DINOv3,Train_ColorTint_Red,ColorTint_Blue,square,0.95,0.6333,0.95,0.76
DINOv3,Train_ColorTint_Red,ColorTint_Blue,table,1.0,1.0,1.0,1.0
DINOv3,Train_ColorTint_Red,ColorTint_Blue,triangle,1.0,1.0,1.0,1.0
DINOv3,Train_ColorTint_Green,Original,car,0.9667,1.0,0.9667,0.9831
DINOv3,Train_ColorTint_Green,Original,cat,0.9833,0.9516,0.9833,0.9672
DINOv3,Train_ColorTint_Green,Original,chair,1.0,0.9836,1.0,0.9917
DINOv3,Train_ColorTint_Green,Original,circle,1.0,1.0,1.0,1.0
DINOv3,Train_ColorTint_Green,Original,cup,1.0,0.9524,1.0,0.9756
DINOv3,Train_ColorTint_Green,Original,dog,0.8667,0.9811,0.8667,0.9204
DINOv3,Train_ColorTint_Green,Original,rectangle,0.5333,0.8,0.5333,0.64
DINOv3,Train_ColorTint_Green,Original,square,0.8667,0.6265,0.8667,0.7273
DINOv3,Train_ColorTint_Green,Original,table,0.9833,1.0,0.9833,0.9916
DINOv3,Train_ColorTint_Green,Original,triangle,1.0,0.9836,1.0,0.9917
DINOv3,Train_ColorTint_Green,Outline,car,0.9667,0.9206,0.9667,0.9431
DINOv3,Train_ColorTint_Green,Outline,cat,0.65,1.0,0.65,0.7879
DINOv3,Train_ColorTint_Green,Outline,chair,1.0,0.9231,1.0,0.96
DINOv3,Train_ColorTint_Green,Outline,circle,0.3333,0.9524,0.3333,0.4938
DINOv3,Train_ColorTint_Green,Outline,cup,0.6333,0.8636,0.6333,0.7308
DINOv3,Train_ColorTint_Green,Outline,dog,0.5,0.9375,0.5,0.6522
DINOv3,Train_ColorTint_Green,Outline,rectangle,0.7833,0.4947,0.7833,0.6065
DINOv3,Train_ColorTint_Green,Outline,square,0.25,0.3333,0.25,0.2857
DINOv3,Train_ColorTint_Green,Outline,table,0.95,1.0,0.95,0.9744
DINOv3,Train_ColorTint_Green,Outline,triangle,0.85,0.3669,0.85,0.5126
DINOv3,Train_ColorTint_Green,Dotted,car,0.95,0.9661,0.95,0.958
DINOv3,Train_ColorTint_Green,Dotted,cat,0.25,1.0,0.25,0.4
DINOv3,Train_ColorTint_Green,Dotted,chair,1.0,0.9836,1.0,0.9917
DINOv3,Train_ColorTint_Green,Dotted,circle,0.0,0.0,0.0,0.0
DINOv3,Train_ColorTint_Green,Dotted,cup,0.4667,0.8485,0.4667,0.6022
DINOv3,Train_ColorTint_Green,Dotted,dog,0.25,0.8824,0.25,0.3896
DINOv3,Train_ColorTint_Green,Dotted,rectangle,0.8333,0.4717,0.8333,0.6024
DINOv3,Train_ColorTint_Green,Dotted,square,0.1333,0.2286,0.1333,0.1684
DINOv3,Train_ColorTint_Green,Dotted,table,0.9167,1.0,0.9167,0.9565
DINOv3,Train_ColorTint_Green,Dotted,triangle,0.85,0.2339,0.85,0.3669
DINOv3,Train_ColorTint_Green,Dashed,car,0.9667,0.9667,0.9667,0.9667
DINOv3,Train_ColorTint_Green,Dashed,cat,0.5667,0.9714,0.5667,0.7158
DINOv3,Train_ColorTint_Green,Dashed,chair,0.9833,0.9365,0.9833,0.9593
DINOv3,Train_ColorTint_Green,Dashed,circle,0.4833,1.0,0.4833,0.6517
DINOv3,Train_ColorTint_Green,Dashed,cup,0.5833,0.814,0.5833,0.6796
DINOv3,Train_ColorTint_Green,Dashed,dog,0.4833,0.8788,0.4833,0.6237
DINOv3,Train_ColorTint_Green,Dashed,rectangle,0.8333,0.463,0.8333,0.5952
DINOv3,Train_ColorTint_Green,Dashed,square,0.1333,0.2222,0.1333,0.1667
DINOv3,Train_ColorTint_Green,Dashed,table,0.9,1.0,0.9,0.9474
DINOv3,Train_ColorTint_Green,Dashed,triangle,0.85,0.3669,0.85,0.5126
DINOv3,Train_ColorTint_Green,Sketch,car,0.95,0.9828,0.95,0.9661
DINOv3,Train_ColorTint_Green,Sketch,cat,0.7833,0.8868,0.7833,0.8319
DINOv3,Train_ColorTint_Green,Sketch,chair,1.0,0.8696,1.0,0.9302
DINOv3,Train_ColorTint_Green,Sketch,circle,0.8333,0.9615,0.8333,0.8929
DINOv3,Train_ColorTint_Green,Sketch,cup,0.9,0.7606,0.9,0.8244
DINOv3,Train_ColorTint_Green,Sketch,dog,0.75,0.9184,0.75,0.8257
DINOv3,Train_ColorTint_Green,Sketch,rectangle,0.6333,0.4419,0.6333,0.5205
DINOv3,Train_ColorTint_Green,Sketch,square,0.1167,0.4375,0.1167,0.1842
DINOv3,Train_ColorTint_Green,Sketch,table,0.9333,1.0,0.9333,0.9655
DINOv3,Train_ColorTint_Green,Sketch,triangle,1.0,0.6667,1.0,0.8
DINOv3,Train_ColorTint_Green,Silhouette,car,0.8333,0.9434,0.8333,0.885
DINOv3,Train_ColorTint_Green,Silhouette,cat,0.2667,0.8421,0.2667,0.4051
DINOv3,Train_ColorTint_Green,Silhouette,chair,0.9667,0.8657,0.9667,0.9134
DINOv3,Train_ColorTint_Green,Silhouette,circle,1.0,0.9836,1.0,0.9917
DINOv3,Train_ColorTint_Green,Silhouette,cup,0.6833,0.5616,0.6833,0.6165
DINOv3,Train_ColorTint_Green,Silhouette,dog,0.1333,0.8889,0.1333,0.2319
DINOv3,Train_ColorTint_Green,Silhouette,rectangle,0.35,0.7241,0.35,0.4719
DINOv3,Train_ColorTint_Green,Silhouette,square,0.9,0.5934,0.9,0.7152
DINOv3,Train_ColorTint_Green,Silhouette,table,0.5333,1.0,0.5333,0.6957
DINOv3,Train_ColorTint_Green,Silhouette,triangle,1.0,0.3614,1.0,0.531
DINOv3,Train_ColorTint_Green,ColorTint_Red,car,0.9833,1.0,0.9833,0.9916
DINOv3,Train_ColorTint_Green,ColorTint_Red,cat,0.9833,0.9833,0.9833,0.9833
DINOv3,Train_ColorTint_Green,ColorTint_Red,chair,1.0,0.9524,1.0,0.9756
DINOv3,Train_ColorTint_Green,ColorTint_Red,circle,1.0,1.0,1.0,1.0
DINOv3,Train_ColorTint_Green,ColorTint_Red,cup,1.0,0.9677,1.0,0.9836
DINOv3,Train_ColorTint_Green,ColorTint_Red,dog,0.9,1.0,0.9,0.9474
DINOv3,Train_ColorTint_Green,ColorTint_Red,rectangle,0.4833,0.8056,0.4833,0.6042
DINOv3,Train_ColorTint_Green,ColorTint_Red,square,0.8833,0.6235,0.8833,0.731
DINOv3,Train_ColorTint_Green,ColorTint_Red,table,0.9833,0.9833,0.9833,0.9833
DINOv3,Train_ColorTint_Green,ColorTint_Red,triangle,1.0,0.9836,1.0,0.9917
DINOv3,Train_ColorTint_Green,ColorTint_Green,car,0.9833,1.0,0.9833,0.9916
DINOv3,Train_ColorTint_Green,ColorTint_Green,cat,0.9833,0.9833,0.9833,0.9833
DINOv3,Train_ColorTint_Green,ColorTint_Green,chair,1.0,0.9677,1.0,0.9836
DINOv3,Train_ColorTint_Green,ColorTint_Green,circle,1.0,1.0,1.0,1.0
DINOv3,Train_ColorTint_Green,ColorTint_Green,cup,1.0,0.9677,1.0,0.9836
DINOv3,Train_ColorTint_Green,ColorTint_Green,dog,0.9333,1.0,0.9333,0.9655
DINOv3,Train_ColorTint_Green,ColorTint_Green,rectangle,0.4667,0.875,0.4667,0.6087
DINOv3,Train_ColorTint_Green,ColorTint_Green,square,0.9333,0.6364,0.9333,0.7568
DINOv3,Train_ColorTint_Green,ColorTint_Green,table,0.9833,0.9833,0.9833,0.9833
DINOv3,Train_ColorTint_Green,ColorTint_Green,triangle,1.0,0.9836,1.0,0.9917
DINOv3,Train_ColorTint_Green,ColorTint_Blue,car,0.9833,0.9833,0.9833,0.9833
DINOv3,Train_ColorTint_Green,ColorTint_Blue,cat,0.9833,0.9516,0.9833,0.9672
DINOv3,Train_ColorTint_Green,ColorTint_Blue,chair,1.0,0.9836,1.0,0.9917
DINOv3,Train_ColorTint_Green,ColorTint_Blue,circle,1.0,1.0,1.0,1.0
DINOv3,Train_ColorTint_Green,ColorTint_Blue,cup,1.0,0.9677,1.0,0.9836
DINOv3,Train_ColorTint_Green,ColorTint_Blue,dog,0.9,1.0,0.9,0.9474
DINOv3,Train_ColorTint_Green,ColorTint_Blue,rectangle,0.4667,0.8485,0.4667,0.6022
DINOv3,Train_ColorTint_Green,ColorTint_Blue,square,0.9167,0.6322,0.9167,0.7483
DINOv3,Train_ColorTint_Green,ColorTint_Blue,table,0.9833,0.9833,0.9833,0.9833
DINOv3,Train_ColorTint_Green,ColorTint_Blue,triangle,1.0,0.9836,1.0,0.9917
DINOv3,Train_ColorTint_Blue,Original,car,1.0,0.9836,1.0,0.9917
DINOv3,Train_ColorTint_Blue,Original,cat,0.9833,0.9833,0.9833,0.9833
DINOv3,Train_ColorTint_Blue,Original,chair,1.0,0.9836,1.0,0.9917
DINOv3,Train_ColorTint_Blue,Original,circle,1.0,0.9836,1.0,0.9917
DINOv3,Train_ColorTint_Blue,Original,cup,1.0,0.9677,1.0,0.9836
DINOv3,Train_ColorTint_Blue,Original,dog,0.9,1.0,0.9,0.9474
DINOv3,Train_ColorTint_Blue,Original,rectangle,0.4,0.8276,0.4,0.5393
DINOv3,Train_ColorTint_Blue,Original,square,0.9167,0.5978,0.9167,0.7237
DINOv3,Train_ColorTint_Blue,Original,table,1.0,1.0,1.0,1.0
DINOv3,Train_ColorTint_Blue,Original,triangle,1.0,1.0,1.0,1.0
DINOv3,Train_ColorTint_Blue,Outline,car,0.8833,1.0,0.8833,0.9381
DINOv3,Train_ColorTint_Blue,Outline,cat,0.75,0.8824,0.75,0.8108
DINOv3,Train_ColorTint_Blue,Outline,chair,1.0,0.8571,1.0,0.9231
DINOv3,Train_ColorTint_Blue,Outline,circle,0.8333,0.9259,0.8333,0.8772
DINOv3,Train_ColorTint_Blue,Outline,cup,0.6833,0.7069,0.6833,0.6949
DINOv3,Train_ColorTint_Blue,Outline,dog,0.55,0.8919,0.55,0.6804
DINOv3,Train_ColorTint_Blue,Outline,rectangle,0.6333,0.6129,0.6333,0.623
DINOv3,Train_ColorTint_Blue,Outline,square,0.6167,0.4253,0.6167,0.5034
DINOv3,Train_ColorTint_Blue,Outline,table,0.9333,0.9825,0.9333,0.9573
DINOv3,Train_ColorTint_Blue,Outline,triangle,0.85,0.7183,0.85,0.7786
DINOv3,Train_ColorTint_Blue,Dotted,car,0.75,1.0,0.75,0.8571
DINOv3,Train_ColorTint_Blue,Dotted,cat,0.3333,0.6897,0.3333,0.4494
DINOv3,Train_ColorTint_Blue,Dotted,chair,0.9667,0.8286,0.9667,0.8923
DINOv3,Train_ColorTint_Blue,Dotted,circle,0.7833,0.6812,0.7833,0.7287
DINOv3,Train_ColorTint_Blue,Dotted,cup,0.6167,0.6167,0.6167,0.6167
DINOv3,Train_ColorTint_Blue,Dotted,dog,0.3333,0.8333,0.3333,0.4762
DINOv3,Train_ColorTint_Blue,Dotted,rectangle,0.35,0.75,0.35,0.4773
DINOv3,Train_ColorTint_Blue,Dotted,square,0.85,0.408,0.85,0.5514
DINOv3,Train_ColorTint_Blue,Dotted,table,0.9,0.9818,0.9,0.9391
DINOv3,Train_ColorTint_Blue,Dotted,triangle,0.85,0.5368,0.85,0.6581
DINOv3,Train_ColorTint_Blue,Dashed,car,0.8167,1.0,0.8167,0.8991
DINOv3,Train_ColorTint_Blue,Dashed,cat,0.7,0.8571,0.7,0.7706
DINOv3,Train_ColorTint_Blue,Dashed,chair,0.9833,0.8551,0.9833,0.9147
DINOv3,Train_ColorTint_Blue,Dashed,circle,0.8167,0.9245,0.8167,0.8673
DINOv3,Train_ColorTint_Blue,Dashed,cup,0.7,0.6562,0.7,0.6774
DINOv3,Train_ColorTint_Blue,Dashed,dog,0.55,0.9706,0.55,0.7021
DINOv3,Train_ColorTint_Blue,Dashed,rectangle,0.55,0.5238,0.55,0.5366
DINOv3,Train_ColorTint_Blue,Dashed,square,0.5667,0.382,0.5667,0.4564
DINOv3,Train_ColorTint_Blue,Dashed,table,0.8667,0.9811,0.8667,0.9204
DINOv3,Train_ColorTint_Blue,Dashed,triangle,0.85,0.6623,0.85,0.7445
DINOv3,Train_ColorTint_Blue,Sketch,car,0.9,1.0,0.9,0.9474
DINOv3,Train_ColorTint_Blue,Sketch,cat,0.7167,0.9348,0.7167,0.8113
DINOv3,Train_ColorTint_Blue,Sketch,chair,1.0,0.8451,1.0,0.916
DINOv3,Train_ColorTint_Blue,Sketch,circle,0.9833,0.9672,0.9833,0.9752
DINOv3,Train_ColorTint_Blue,Sketch,cup,0.9,0.7013,0.9,0.7883
DINOv3,Train_ColorTint_Blue,Sketch,dog,0.6833,0.9111,0.6833,0.781
DINOv3,Train_ColorTint_Blue,Sketch,rectangle,0.1833,0.3793,0.1833,0.2472
DINOv3,Train_ColorTint_Blue,Sketch,square,0.5667,0.4416,0.5667,0.4964
DINOv3,Train_ColorTint_Blue,Sketch,table,0.9167,0.9821,0.9167,0.9483
DINOv3,Train_ColorTint_Blue,Sketch,triangle,1.0,0.7143,1.0,0.8333
DINOv3,Train_ColorTint_Blue,Silhouette,car,0.6167,1.0,0.6167,0.7629
DINOv3,Train_ColorTint_Blue,Silhouette,cat,0.1833,0.8462,0.1833,0.3014
DINOv3,Train_ColorTint_Blue,Silhouette,chair,0.9333,0.8615,0.9333,0.896
DINOv3,Train_ColorTint_Blue,Silhouette,circle,1.0,0.8451,1.0,0.916
DINOv3,Train_ColorTint_Blue,Silhouette,cup,0.8333,0.4348,0.8333,0.5714
DINOv3,Train_ColorTint_Blue,Silhouette,dog,0.5167,0.4697,0.5167,0.4921
DINOv3,Train_ColorTint_Blue,Silhouette,rectangle,0.6,0.6,0.6,0.6
DINOv3,Train_ColorTint_Blue,Silhouette,square,0.6833,0.5775,0.6833,0.626
DINOv3,Train_ColorTint_Blue,Silhouette,table,0.4667,1.0,0.4667,0.6364
DINOv3,Train_ColorTint_Blue,Silhouette,triangle,1.0,0.8108,1.0,0.8955
DINOv3,Train_ColorTint_Blue,ColorTint_Red,car,0.9833,1.0,0.9833,0.9916
DINOv3,Train_ColorTint_Blue,ColorTint_Red,cat,0.9833,0.9833,0.9833,0.9833
DINOv3,Train_ColorTint_Blue,ColorTint_Red,chair,1.0,1.0,1.0,1.0
DINOv3,Train_ColorTint_Blue,ColorTint_Red,circle,1.0,0.9836,1.0,0.9917
DINOv3,Train_ColorTint_Blue,ColorTint_Red,cup,1.0,0.9524,1.0,0.9756
DINOv3,Train_ColorTint_Blue,ColorTint_Red,dog,0.9333,0.9825,0.9333,0.9573
DINOv3,Train_ColorTint_Blue,ColorTint_Red,rectangle,0.65,0.8125,0.65,0.7222
DINOv3,Train_ColorTint_Blue,ColorTint_Red,square,0.85,0.7083,0.85,0.7727
DINOv3,Train_ColorTint_Blue,ColorTint_Red,table,1.0,1.0,1.0,1.0
DINOv3,Train_ColorTint_Blue,ColorTint_Red,triangle,1.0,1.0,1.0,1.0
DINOv3,Train_ColorTint_Blue,ColorTint_Green,car,0.9833,1.0,0.9833,0.9916
DINOv3,Train_ColorTint_Blue,ColorTint_Green,cat,0.9667,0.9831,0.9667,0.9748
DINOv3,Train_ColorTint_Blue,ColorTint_Green,chair,1.0,1.0,1.0,1.0
DINOv3,Train_ColorTint_Blue,ColorTint_Green,circle,1.0,0.9836,1.0,0.9917
DINOv3,Train_ColorTint_Blue,ColorTint_Green,cup,1.0,0.9677,1.0,0.9836
DINOv3,Train_ColorTint_Blue,ColorTint_Green,dog,0.9333,0.9825,0.9333,0.9573
DINOv3,Train_ColorTint_Blue,ColorTint_Green,rectangle,0.4667,0.8235,0.4667,0.5957
DINOv3,Train_ColorTint_Blue,ColorTint_Green,square,0.9167,0.6322,0.9167,0.7483
DINOv3,Train_ColorTint_Blue,ColorTint_Green,table,1.0,1.0,1.0,1.0
DINOv3,Train_ColorTint_Blue,ColorTint_Green,triangle,1.0,0.9836,1.0,0.9917
DINOv3,Train_ColorTint_Blue,ColorTint_Blue,car,0.9833,1.0,0.9833,0.9916
DINOv3,Train_ColorTint_Blue,ColorTint_Blue,cat,0.9833,0.9833,0.9833,0.9833
DINOv3,Train_ColorTint_Blue,ColorTint_Blue,chair,1.0,1.0,1.0,1.0
DINOv3,Train_ColorTint_Blue,ColorTint_Blue,circle,1.0,0.9836,1.0,0.9917
DINOv3,Train_ColorTint_Blue,ColorTint_Blue,cup,1.0,0.9524,1.0,0.9756
DINOv3,Train_ColorTint_Blue,ColorTint_Blue,dog,0.9333,0.9825,0.9333,0.9573
DINOv3,Train_ColorTint_Blue,ColorTint_Blue,rectangle,0.5833,0.8333,0.5833,0.6863
DINOv3,Train_ColorTint_Blue,ColorTint_Blue,square,0.8833,0.6795,0.8833,0.7681
DINOv3,Train_ColorTint_Blue,ColorTint_Blue,table,1.0,1.0,1.0,1.0
DINOv3,Train_ColorTint_Blue,ColorTint_Blue,triangle,1.0,1.0,1.0,1.0
DINOv3,Train_All_Combined,Original,car,0.9833,1.0,0.9833,0.9916
DINOv3,Train_All_Combined,Original,cat,0.9833,1.0,0.9833,0.9916
DINOv3,Train_All_Combined,Original,chair,1.0,1.0,1.0,1.0
DINOv3,Train_All_Combined,Original,circle,1.0,1.0,1.0,1.0
DINOv3,Train_All_Combined,Original,cup,1.0,0.9836,1.0,0.9917
DINOv3,Train_All_Combined,Original,dog,1.0,1.0,1.0,1.0
DINOv3,Train_All_Combined,Original,rectangle,0.6667,0.8889,0.6667,0.7619
DINOv3,Train_All_Combined,Original,square,0.9333,0.7368,0.9333,0.8235
DINOv3,Train_All_Combined,Original,table,1.0,1.0,1.0,1.0
DINOv3,Train_All_Combined,Original,triangle,1.0,1.0,1.0,1.0
DINOv3,Train_All_Combined,Outline,car,0.9667,1.0,0.9667,0.9831
DINOv3,Train_All_Combined,Outline,cat,0.9,0.8852,0.9,0.8926
DINOv3,Train_All_Combined,Outline,chair,1.0,1.0,1.0,1.0
DINOv3,Train_All_Combined,Outline,circle,0.8667,0.9811,0.8667,0.9204
DINOv3,Train_All_Combined,Outline,cup,0.9,0.9153,0.9,0.9076
DINOv3,Train_All_Combined,Outline,dog,0.8667,0.8525,0.8667,0.8595
DINOv3,Train_All_Combined,Outline,rectangle,0.85,0.6,0.85,0.7034
DINOv3,Train_All_Combined,Outline,square,0.7167,0.8269,0.7167,0.7679
DINOv3,Train_All_Combined,Outline,table,0.9833,1.0,0.9833,0.9916
DINOv3,Train_All_Combined,Outline,triangle,0.85,0.9808,0.85,0.9107
DINOv3,Train_All_Combined,Dotted,car,0.9667,1.0,0.9667,0.9831
DINOv3,Train_All_Combined,Dotted,cat,0.8333,0.8197,0.8333,0.8264
DINOv3,Train_All_Combined,Dotted,chair,0.9833,1.0,0.9833,0.9916
DINOv3,Train_All_Combined,Dotted,circle,0.8667,0.9811,0.8667,0.9204
DINOv3,Train_All_Combined,Dotted,cup,0.9,0.9474,0.9,0.9231
DINOv3,Train_All_Combined,Dotted,dog,0.8167,0.7656,0.8167,0.7903
DINOv3,Train_All_Combined,Dotted,rectangle,0.8833,0.5824,0.8833,0.702
DINOv3,Train_All_Combined,Dotted,square,0.65,0.8478,0.65,0.7358
DINOv3,Train_All_Combined,Dotted,table,0.9833,1.0,0.9833,0.9916
DINOv3,Train_All_Combined,Dotted,triangle,0.85,0.9808,0.85,0.9107
DINOv3,Train_All_Combined,Dashed,car,0.9667,1.0,0.9667,0.9831
DINOv3,Train_All_Combined,Dashed,cat,0.9,0.871,0.9,0.8852
DINOv3,Train_All_Combined,Dashed,chair,1.0,1.0,1.0,1.0
DINOv3,Train_All_Combined,Dashed,circle,0.8667,0.9811,0.8667,0.9204
DINOv3,Train_All_Combined,Dashed,cup,0.8833,0.9298,0.8833,0.906
DINOv3,Train_All_Combined,Dashed,dog,0.85,0.8226,0.85,0.8361
DINOv3,Train_All_Combined,Dashed,rectangle,0.8667,0.5843,0.8667,0.698
DINOv3,Train_All_Combined,Dashed,square,0.6667,0.8333,0.6667,0.7407
DINOv3,Train_All_Combined,Dashed,table,0.9833,1.0,0.9833,0.9916
DINOv3,Train_All_Combined,Dashed,triangle,0.85,0.9808,0.85,0.9107
DINOv3,Train_All_Combined,Sketch,car,0.9833,1.0,0.9833,0.9916
DINOv3,Train_All_Combined,Sketch,cat,0.95,0.9344,0.95,0.9421
DINOv3,Train_All_Combined,Sketch,chair,1.0,0.9836,1.0,0.9917
DINOv3,Train_All_Combined,Sketch,circle,1.0,1.0,1.0,1.0
DINOv3,Train_All_Combined,Sketch,cup,0.9833,0.9077,0.9833,0.944
DINOv3,Train_All_Combined,Sketch,dog,0.9167,0.9821,0.9167,0.9483
DINOv3,Train_All_Combined,Sketch,rectangle,0.8167,0.6533,0.8167,0.7259
DINOv3,Train_All_Combined,Sketch,square,0.5667,0.7727,0.5667,0.6538
DINOv3,Train_All_Combined,Sketch,table,0.9667,1.0,0.9667,0.9831
DINOv3,Train_All_Combined,Sketch,triangle,1.0,0.9836,1.0,0.9917
DINOv3,Train_All_Combined,Silhouette,car,0.9333,0.9825,0.9333,0.9573
DINOv3,Train_All_Combined,Silhouette,cat,0.6,0.7347,0.6,0.6606
DINOv3,Train_All_Combined,Silhouette,chair,0.9667,1.0,0.9667,0.9831
DINOv3,Train_All_Combined,Silhouette,circle,1.0,0.9836,1.0,0.9917
DINOv3,Train_All_Combined,Silhouette,cup,0.8,0.8571,0.8,0.8276
DINOv3,Train_All_Combined,Silhouette,dog,0.8,0.6316,0.8,0.7059
DINOv3,Train_All_Combined,Silhouette,rectangle,0.7167,0.8776,0.7167,0.789
DINOv3,Train_All_Combined,Silhouette,square,0.9,0.7606,0.9,0.8244
DINOv3,Train_All_Combined,Silhouette,table,0.95,0.9194,0.95,0.9344
DINOv3,Train_All_Combined,Silhouette,triangle,1.0,0.9836,1.0,0.9917
DINOv3,Train_All_Combined,ColorTint_Red,car,0.9833,1.0,0.9833,0.9916
DINOv3,Train_All_Combined,ColorTint_Red,cat,0.9833,1.0,0.9833,0.9916
DINOv3,Train_All_Combined,ColorTint_Red,chair,1.0,1.0,1.0,1.0
DINOv3,Train_All_Combined,ColorTint_Red,circle,1.0,1.0,1.0,1.0
DINOv3,Train_All_Combined,ColorTint_Red,cup,1.0,1.0,1.0,1.0
DINOv3,Train_All_Combined,ColorTint_Red,dog,1.0,1.0,1.0,1.0
DINOv3,Train_All_Combined,ColorTint_Red,rectangle,0.6167,0.881,0.6167,0.7255
DINOv3,Train_All_Combined,ColorTint_Red,square,0.95,0.7125,0.95,0.8143
DINOv3,Train_All_Combined,ColorTint_Red,table,1.0,1.0,1.0,1.0
DINOv3,Train_All_Combined,ColorTint_Red,triangle,1.0,1.0,1.0,1.0
DINOv3,Train_All_Combined,ColorTint_Green,car,0.9833,1.0,0.9833,0.9916
DINOv3,Train_All_Combined,ColorTint_Green,cat,0.9833,1.0,0.9833,0.9916
DINOv3,Train_All_Combined,ColorTint_Green,chair,1.0,1.0,1.0,1.0
DINOv3,Train_All_Combined,ColorTint_Green,circle,1.0,1.0,1.0,1.0
DINOv3,Train_All_Combined,ColorTint_Green,cup,1.0,1.0,1.0,1.0
DINOv3,Train_All_Combined,ColorTint_Green,dog,1.0,1.0,1.0,1.0
DINOv3,Train_All_Combined,ColorTint_Green,rectangle,0.6833,0.8913,0.6833,0.7736
DINOv3,Train_All_Combined,ColorTint_Green,square,0.95,0.75,0.95,0.8382
DINOv3,Train_All_Combined,ColorTint_Green,table,1.0,1.0,1.0,1.0
DINOv3,Train_All_Combined,ColorTint_Green,triangle,1.0,1.0,1.0,1.0
DINOv3,Train_All_Combined,ColorTint_Blue,car,1.0,1.0,1.0,1.0
DINOv3,Train_All_Combined,ColorTint_Blue,cat,0.9833,1.0,0.9833,0.9916
DINOv3,Train_All_Combined,ColorTint_Blue,chair,1.0,1.0,1.0,1.0
DINOv3,Train_All_Combined,ColorTint_Blue,circle,1.0,1.0,1.0,1.0
DINOv3,Train_All_Combined,ColorTint_Blue,cup,1.0,1.0,1.0,1.0
DINOv3,Train_All_Combined,ColorTint_Blue,dog,1.0,1.0,1.0,1.0
DINOv3,Train_All_Combined,ColorTint_Blue,rectangle,0.6,0.9,0.6,0.72
DINOv3,Train_All_Combined,ColorTint_Blue,square,0.95,0.7037,0.95,0.8085
DINOv3,Train_All_Combined,ColorTint_Blue,table,1.0,1.0,1.0,1.0
DINOv3,Train_All_Combined,ColorTint_Blue,triangle,1.0,1.0,1.0,1.0
CLIP ViT-B/32,Zero-Shot,Original,car,0.9833,1.0,0.9833,0.9916
CLIP ViT-B/32,Zero-Shot,Original,cat,0.9833,0.9833,0.9833,0.9833
CLIP ViT-B/32,Zero-Shot,Original,chair,1.0,1.0,1.0,1.0
CLIP ViT-B/32,Zero-Shot,Original,circle,1.0,0.9836,1.0,0.9917
CLIP ViT-B/32,Zero-Shot,Original,cup,0.8667,1.0,0.8667,0.9286
CLIP ViT-B/32,Zero-Shot,Original,dog,0.9833,0.9833,0.9833,0.9833
CLIP ViT-B/32,Zero-Shot,Original,rectangle,1.0,0.4959,1.0,0.663
CLIP ViT-B/32,Zero-Shot,Original,square,0.0,0.0,0.0,0.0
CLIP ViT-B/32,Zero-Shot,Original,table,0.9833,0.8939,0.9833,0.9365
CLIP ViT-B/32,Zero-Shot,Original,triangle,1.0,0.9836,1.0,0.9917
CLIP ViT-B/32,Zero-Shot,Outline,car,0.9667,0.9206,0.9667,0.9431
CLIP ViT-B/32,Zero-Shot,Outline,cat,0.65,0.78,0.65,0.7091
CLIP ViT-B/32,Zero-Shot,Outline,chair,1.0,0.9091,1.0,0.9524
CLIP ViT-B/32,Zero-Shot,Outline,circle,0.8667,0.7429,0.8667,0.8
CLIP ViT-B/32,Zero-Shot,Outline,cup,0.4833,0.8056,0.4833,0.6042
CLIP ViT-B/32,Zero-Shot,Outline,dog,0.5,0.9375,0.5,0.6522
CLIP ViT-B/32,Zero-Shot,Outline,rectangle,1.0,0.3974,1.0,0.5687
CLIP ViT-B/32,Zero-Shot,Outline,square,0.0,0.0,0.0,0.0
CLIP ViT-B/32,Zero-Shot,Outline,table,0.8833,0.9138,0.8833,0.8983
CLIP ViT-B/32,Zero-Shot,Outline,triangle,0.85,0.8644,0.85,0.8571
CLIP ViT-B/32,Zero-Shot,Dotted,car,0.95,0.95,0.95,0.95
CLIP ViT-B/32,Zero-Shot,Dotted,cat,0.5333,0.6957,0.5333,0.6038
CLIP ViT-B/32,Zero-Shot,Dotted,chair,0.9667,0.8169,0.9667,0.8855
CLIP ViT-B/32,Zero-Shot,Dotted,circle,0.8667,0.7027,0.8667,0.7761
CLIP ViT-B/32,Zero-Shot,Dotted,cup,0.3333,0.625,0.3333,0.4348
CLIP ViT-B/32,Zero-Shot,Dotted,dog,0.3833,0.7667,0.3833,0.5111
CLIP ViT-B/32,Zero-Shot,Dotted,rectangle,0.9833,0.3665,0.9833,0.5339
CLIP ViT-B/32,Zero-Shot,Dotted,square,0.0,0.0,0.0,0.0
CLIP ViT-B/32,Zero-Shot,Dotted,table,0.8,0.8421,0.8,0.8205
CLIP ViT-B/32,Zero-Shot,Dotted,triangle,0.85,0.8793,0.85,0.8644
CLIP ViT-B/32,Zero-Shot,Dashed,car,0.9667,0.9508,0.9667,0.9587
CLIP ViT-B/32,Zero-Shot,Dashed,cat,0.55,0.66,0.55,0.6
CLIP ViT-B/32,Zero-Shot,Dashed,chair,0.9667,0.8529,0.9667,0.9062
CLIP ViT-B/32,Zero-Shot,Dashed,circle,0.8667,0.7536,0.8667,0.8062
CLIP ViT-B/32,Zero-Shot,Dashed,cup,0.3833,0.8519,0.3833,0.5287
CLIP ViT-B/32,Zero-Shot,Dashed,dog,0.4333,0.8667,0.4333,0.5778
CLIP ViT-B/32,Zero-Shot,Dashed,rectangle,1.0,0.3974,1.0,0.5687
CLIP ViT-B/32,Zero-Shot,Dashed,square,0.0,0.0,0.0,0.0
CLIP ViT-B/32,Zero-Shot,Dashed,table,0.9,0.7397,0.9,0.812
CLIP ViT-B/32,Zero-Shot,Dashed,triangle,0.85,0.8947,0.85,0.8718
CLIP ViT-B/32,Zero-Shot,Sketch,car,0.9833,0.8806,0.9833,0.9291
CLIP ViT-B/32,Zero-Shot,Sketch,cat,0.7667,0.92,0.7667,0.8364
CLIP ViT-B/32,Zero-Shot,Sketch,chair,0.9667,0.9206,0.9667,0.9431
CLIP ViT-B/32,Zero-Shot,Sketch,circle,1.0,0.9231,1.0,0.96
CLIP ViT-B/32,Zero-Shot,Sketch,cup,0.5833,0.875,0.5833,0.7
CLIP ViT-B/32,Zero-Shot,Sketch,dog,0.55,0.825,0.55,0.66
CLIP ViT-B/32,Zero-Shot,Sketch,rectangle,1.0,0.4688,1.0,0.6383
CLIP ViT-B/32,Zero-Shot,Sketch,square,0.0,0.0,0.0,0.0
CLIP ViT-B/32,Zero-Shot,Sketch,table,0.9333,0.9333,0.9333,0.9333
CLIP ViT-B/32,Zero-Shot,Sketch,triangle,0.9833,0.8676,0.9833,0.9219
CLIP ViT-B/32,Zero-Shot,Silhouette,car,0.8333,0.9434,0.8333,0.885
CLIP ViT-B/32,Zero-Shot,Silhouette,cat,0.35,0.4773,0.35,0.4038
CLIP ViT-B/32,Zero-Shot,Silhouette,chair,0.9333,0.9655,0.9333,0.9492
CLIP ViT-B/32,Zero-Shot,Silhouette,circle,1.0,0.8108,1.0,0.8955
CLIP ViT-B/32,Zero-Shot,Silhouette,cup,0.2,0.8,0.2,0.32
CLIP ViT-B/32,Zero-Shot,Silhouette,dog,0.2833,0.6538,0.2833,0.3953
CLIP ViT-B/32,Zero-Shot,Silhouette,rectangle,1.0,0.3947,1.0,0.566
CLIP ViT-B/32,Zero-Shot,Silhouette,square,0.05,0.0476,0.05,0.0488
CLIP ViT-B/32,Zero-Shot,Silhouette,table,0.65,0.8667,0.65,0.7429
CLIP ViT-B/32,Zero-Shot,Silhouette,triangle,0.9833,0.8429,0.9833,0.9077
CLIP ViT-B/32,Zero-Shot,ColorTint_Red,car,0.9833,1.0,0.9833,0.9916
CLIP ViT-B/32,Zero-Shot,ColorTint_Red,cat,0.9667,0.9508,0.9667,0.9587
CLIP ViT-B/32,Zero-Shot,ColorTint_Red,chair,1.0,0.9524,1.0,0.9756
CLIP ViT-B/32,Zero-Shot,ColorTint_Red,circle,0.9667,0.9508,0.9667,0.9587
CLIP ViT-B/32,Zero-Shot,ColorTint_Red,cup,0.8833,1.0,0.8833,0.9381
CLIP ViT-B/32,Zero-Shot,ColorTint_Red,dog,0.9333,0.9655,0.9333,0.9492
CLIP ViT-B/32,Zero-Shot,ColorTint_Red,rectangle,1.0,0.4878,1.0,0.6557
CLIP ViT-B/32,Zero-Shot,ColorTint_Red,square,0.0,0.0,0.0,0.0
CLIP ViT-B/32,Zero-Shot,ColorTint_Red,table,0.9333,0.9032,0.9333,0.918
CLIP ViT-B/32,Zero-Shot,ColorTint_Red,triangle,0.9833,0.9833,0.9833,0.9833
CLIP ViT-B/32,Zero-Shot,ColorTint_Green,car,0.9833,1.0,0.9833,0.9916
CLIP ViT-B/32,Zero-Shot,ColorTint_Green,cat,0.9667,0.9667,0.9667,0.9667
CLIP ViT-B/32,Zero-Shot,ColorTint_Green,chair,1.0,0.9091,1.0,0.9524
CLIP ViT-B/32,Zero-Shot,ColorTint_Green,circle,0.9667,0.9667,0.9667,0.9667
CLIP ViT-B/32,Zero-Shot,ColorTint_Green,cup,0.8333,0.9804,0.8333,0.9009
CLIP ViT-B/32,Zero-Shot,ColorTint_Green,dog,0.95,0.9661,0.95,0.958
CLIP ViT-B/32,Zero-Shot,ColorTint_Green,rectangle,1.0,0.4878,1.0,0.6557
CLIP ViT-B/32,Zero-Shot,ColorTint_Green,square,0.0,0.0,0.0,0.0
CLIP ViT-B/32,Zero-Shot,ColorTint_Green,table,0.9167,0.8871,0.9167,0.9016
CLIP ViT-B/32,Zero-Shot,ColorTint_Green,triangle,0.9833,0.9833,0.9833,0.9833
CLIP ViT-B/32,Zero-Shot,ColorTint_Blue,car,0.9833,1.0,0.9833,0.9916
CLIP ViT-B/32,Zero-Shot,ColorTint_Blue,cat,0.95,0.9661,0.95,0.958
CLIP ViT-B/32,Zero-Shot,ColorTint_Blue,chair,1.0,0.9524,1.0,0.9756
CLIP ViT-B/32,Zero-Shot,ColorTint_Blue,circle,1.0,0.9524,1.0,0.9756
CLIP ViT-B/32,Zero-Shot,ColorTint_Blue,cup,0.8333,1.0,0.8333,0.9091
CLIP ViT-B/32,Zero-Shot,ColorTint_Blue,dog,0.9333,0.8889,0.9333,0.9106
CLIP ViT-B/32,Zero-Shot,ColorTint_Blue,rectangle,1.0,0.5,1.0,0.6667
CLIP ViT-B/32,Zero-Shot,ColorTint_Blue,square,0.0,0.0,0.0,0.0
CLIP ViT-B/32,Zero-Shot,ColorTint_Blue,table,0.95,0.9194,0.95,0.9344
CLIP ViT-B/32,Zero-Shot,ColorTint_Blue,triangle,1.0,0.9836,1.0,0.9917
EVA-CLIP (EVA02-B/16),Zero-Shot,Original,car,1.0,1.0,1.0,1.0
EVA-CLIP (EVA02-B/16),Zero-Shot,Original,cat,0.9833,0.9833,0.9833,0.9833
EVA-CLIP (EVA02-B/16),Zero-Shot,Original,chair,1.0,1.0,1.0,1.0
EVA-CLIP (EVA02-B/16),Zero-Shot,Original,circle,1.0,0.9231,1.0,0.96
EVA-CLIP (EVA02-B/16),Zero-Shot,Original,cup,0.9,1.0,0.9,0.9474
EVA-CLIP (EVA02-B/16),Zero-Shot,Original,dog,0.9833,1.0,0.9833,0.9916
EVA-CLIP (EVA02-B/16),Zero-Shot,Original,rectangle,0.8333,0.5882,0.8333,0.6897
EVA-CLIP (EVA02-B/16),Zero-Shot,Original,square,0.4333,0.8387,0.4333,0.5714
EVA-CLIP (EVA02-B/16),Zero-Shot,Original,table,1.0,0.9524,1.0,0.9756
EVA-CLIP (EVA02-B/16),Zero-Shot,Original,triangle,1.0,0.9524,1.0,0.9756
EVA-CLIP (EVA02-B/16),Zero-Shot,Outline,car,0.9667,0.9206,0.9667,0.9431
EVA-CLIP (EVA02-B/16),Zero-Shot,Outline,cat,0.7667,0.8364,0.7667,0.8
EVA-CLIP (EVA02-B/16),Zero-Shot,Outline,chair,1.0,1.0,1.0,1.0
EVA-CLIP (EVA02-B/16),Zero-Shot,Outline,circle,0.8667,0.9123,0.8667,0.8889
EVA-CLIP (EVA02-B/16),Zero-Shot,Outline,cup,0.4667,0.9333,0.4667,0.6222
EVA-CLIP (EVA02-B/16),Zero-Shot,Outline,dog,0.55,0.7174,0.55,0.6226
EVA-CLIP (EVA02-B/16),Zero-Shot,Outline,rectangle,0.7167,0.8776,0.7167,0.789
EVA-CLIP (EVA02-B/16),Zero-Shot,Outline,square,0.8667,0.5778,0.8667,0.6933
EVA-CLIP (EVA02-B/16),Zero-Shot,Outline,table,0.95,0.5816,0.95,0.7215
EVA-CLIP (EVA02-B/16),Zero-Shot,Outline,triangle,0.85,0.9808,0.85,0.9107
EVA-CLIP (EVA02-B/16),Zero-Shot,Dotted,car,0.95,0.95,0.95,0.95
EVA-CLIP (EVA02-B/16),Zero-Shot,Dotted,cat,0.5667,0.6538,0.5667,0.6071
EVA-CLIP (EVA02-B/16),Zero-Shot,Dotted,chair,0.9833,0.9219,0.9833,0.9516
EVA-CLIP (EVA02-B/16),Zero-Shot,Dotted,circle,0.8667,0.9123,0.8667,0.8889
EVA-CLIP (EVA02-B/16),Zero-Shot,Dotted,cup,0.3667,0.9167,0.3667,0.5238
EVA-CLIP (EVA02-B/16),Zero-Shot,Dotted,dog,0.55,0.5789,0.55,0.5641
EVA-CLIP (EVA02-B/16),Zero-Shot,Dotted,rectangle,0.8167,0.7424,0.8167,0.7778
EVA-CLIP (EVA02-B/16),Zero-Shot,Dotted,square,0.8667,0.6753,0.8667,0.7591
EVA-CLIP (EVA02-B/16),Zero-Shot,Dotted,table,0.9,0.5934,0.9,0.7152
EVA-CLIP (EVA02-B/16),Zero-Shot,Dotted,triangle,0.85,0.9808,0.85,0.9107
EVA-CLIP (EVA02-B/16),Zero-Shot,Dashed,car,0.9667,0.8923,0.9667,0.928
EVA-CLIP (EVA02-B/16),Zero-Shot,Dashed,cat,0.7,0.7119,0.7,0.7059
EVA-CLIP (EVA02-B/16),Zero-Shot,Dashed,chair,1.0,0.9677,1.0,0.9836
EVA-CLIP (EVA02-B/16),Zero-Shot,Dashed,circle,1.0,0.6383,1.0,0.7792
EVA-CLIP (EVA02-B/16),Zero-Shot,Dashed,cup,0.45,0.9,0.45,0.6
EVA-CLIP (EVA02-B/16),Zero-Shot,Dashed,dog,0.7167,0.7167,0.7167,0.7167
EVA-CLIP (EVA02-B/16),Zero-Shot,Dashed,rectangle,0.7667,0.92,0.7667,0.8364
EVA-CLIP (EVA02-B/16),Zero-Shot,Dashed,square,0.85,0.7286,0.85,0.7846
EVA-CLIP (EVA02-B/16),Zero-Shot,Dashed,table,0.9333,0.9655,0.9333,0.9492
EVA-CLIP (EVA02-B/16),Zero-Shot,Dashed,triangle,0.85,0.9808,0.85,0.9107
EVA-CLIP (EVA02-B/16),Zero-Shot,Sketch,car,0.9667,0.8788,0.9667,0.9206
EVA-CLIP (EVA02-B/16),Zero-Shot,Sketch,cat,0.8167,0.9074,0.8167,0.8596
EVA-CLIP (EVA02-B/16),Zero-Shot,Sketch,chair,1.0,0.9836,1.0,0.9917
EVA-CLIP (EVA02-B/16),Zero-Shot,Sketch,circle,1.0,0.7595,1.0,0.8633
EVA-CLIP (EVA02-B/16),Zero-Shot,Sketch,cup,0.55,1.0,0.55,0.7097
EVA-CLIP (EVA02-B/16),Zero-Shot,Sketch,dog,0.6333,0.8636,0.6333,0.7308
EVA-CLIP (EVA02-B/16),Zero-Shot,Sketch,rectangle,0.5333,0.4103,0.5333,0.4638
EVA-CLIP (EVA02-B/16),Zero-Shot,Sketch,square,0.1333,0.1481,0.1333,0.1404
EVA-CLIP (EVA02-B/16),Zero-Shot,Sketch,table,0.95,0.95,0.95,0.95
EVA-CLIP (EVA02-B/16),Zero-Shot,Sketch,triangle,1.0,0.8451,1.0,0.916
EVA-CLIP (EVA02-B/16),Zero-Shot,Silhouette,car,0.8833,0.803,0.8833,0.8413
EVA-CLIP (EVA02-B/16),Zero-Shot,Silhouette,cat,0.4167,0.5208,0.4167,0.463
EVA-CLIP (EVA02-B/16),Zero-Shot,Silhouette,chair,0.95,0.9661,0.95,0.958
EVA-CLIP (EVA02-B/16),Zero-Shot,Silhouette,circle,1.0,0.8108,1.0,0.8955
EVA-CLIP (EVA02-B/16),Zero-Shot,Silhouette,cup,0.2,0.75,0.2,0.3158
EVA-CLIP (EVA02-B/16),Zero-Shot,Silhouette,dog,0.4,0.5217,0.4,0.4528
EVA-CLIP (EVA02-B/16),Zero-Shot,Silhouette,rectangle,0.6667,0.4651,0.6667,0.5479
EVA-CLIP (EVA02-B/16),Zero-Shot,Silhouette,square,1.0,0.5769,1.0,0.7317
EVA-CLIP (EVA02-B/16),Zero-Shot,Silhouette,table,0.65,0.975,0.65,0.78
EVA-CLIP (EVA02-B/16),Zero-Shot,Silhouette,triangle,1.0,0.9836,1.0,0.9917
EVA-CLIP (EVA02-B/16),Zero-Shot,ColorTint_Red,car,0.9833,1.0,0.9833,0.9916
EVA-CLIP (EVA02-B/16),Zero-Shot,ColorTint_Red,cat,0.9833,0.9833,0.9833,0.9833
EVA-CLIP (EVA02-B/16),Zero-Shot,ColorTint_Red,chair,1.0,0.9836,1.0,0.9917
EVA-CLIP (EVA02-B/16),Zero-Shot,ColorTint_Red,circle,1.0,0.9836,1.0,0.9917
EVA-CLIP (EVA02-B/16),Zero-Shot,ColorTint_Red,cup,0.65,1.0,0.65,0.7879
EVA-CLIP (EVA02-B/16),Zero-Shot,ColorTint_Red,dog,0.9667,0.9831,0.9667,0.9748
EVA-CLIP (EVA02-B/16),Zero-Shot,ColorTint_Red,rectangle,0.9667,0.7436,0.9667,0.8406
EVA-CLIP (EVA02-B/16),Zero-Shot,ColorTint_Red,square,0.7333,0.898,0.7333,0.8073
EVA-CLIP (EVA02-B/16),Zero-Shot,ColorTint_Red,table,1.0,0.8108,1.0,0.8955
EVA-CLIP (EVA02-B/16),Zero-Shot,ColorTint_Red,triangle,1.0,1.0,1.0,1.0
EVA-CLIP (EVA02-B/16),Zero-Shot,ColorTint_Green,car,1.0,1.0,1.0,1.0
EVA-CLIP (EVA02-B/16),Zero-Shot,ColorTint_Green,cat,0.9833,0.9833,0.9833,0.9833
EVA-CLIP (EVA02-B/16),Zero-Shot,ColorTint_Green,chair,1.0,0.9836,1.0,0.9917
EVA-CLIP (EVA02-B/16),Zero-Shot,ColorTint_Green,circle,1.0,0.9677,1.0,0.9836
EVA-CLIP (EVA02-B/16),Zero-Shot,ColorTint_Green,cup,0.5833,1.0,0.5833,0.7368
EVA-CLIP (EVA02-B/16),Zero-Shot,ColorTint_Green,dog,0.9667,0.9667,0.9667,0.9667
EVA-CLIP (EVA02-B/16),Zero-Shot,ColorTint_Green,rectangle,0.9667,0.5421,0.9667,0.6946
EVA-CLIP (EVA02-B/16),Zero-Shot,ColorTint_Green,square,0.25,0.75,0.25,0.375
EVA-CLIP (EVA02-B/16),Zero-Shot,ColorTint_Green,table,1.0,0.8,1.0,0.8889
EVA-CLIP (EVA02-B/16),Zero-Shot,ColorTint_Green,triangle,1.0,1.0,1.0,1.0
EVA-CLIP (EVA02-B/16),Zero-Shot,ColorTint_Blue,car,0.9833,1.0,0.9833,0.9916
EVA-CLIP (EVA02-B/16),Zero-Shot,ColorTint_Blue,cat,0.9833,0.9672,0.9833,0.9752
EVA-CLIP (EVA02-B/16),Zero-Shot,ColorTint_Blue,chair,1.0,0.9836,1.0,0.9917
EVA-CLIP (EVA02-B/16),Zero-Shot,ColorTint_Blue,circle,1.0,0.9375,1.0,0.9677
EVA-CLIP (EVA02-B/16),Zero-Shot,ColorTint_Blue,cup,0.6167,1.0,0.6167,0.7629
EVA-CLIP (EVA02-B/16),Zero-Shot,ColorTint_Blue,dog,0.95,0.9344,0.95,0.9421
EVA-CLIP (EVA02-B/16),Zero-Shot,ColorTint_Blue,rectangle,0.9333,0.7368,0.9333,0.8235
EVA-CLIP (EVA02-B/16),Zero-Shot,ColorTint_Blue,square,0.7,0.9333,0.7,0.8
EVA-CLIP (EVA02-B/16),Zero-Shot,ColorTint_Blue,table,0.9833,0.7867,0.9833,0.8741
EVA-CLIP (EVA02-B/16),Zero-Shot,ColorTint_Blue,triangle,1.0,0.9836,1.0,0.9917
SigLIP-2 Base,Zero-Shot,Original,car,1.0,1.0,1.0,1.0
SigLIP-2 Base,Zero-Shot,Original,cat,0.9833,1.0,0.9833,0.9916
SigLIP-2 Base,Zero-Shot,Original,chair,1.0,1.0,1.0,1.0
SigLIP-2 Base,Zero-Shot,Original,circle,1.0,0.9524,1.0,0.9756
SigLIP-2 Base,Zero-Shot,Original,cup,0.95,1.0,0.95,0.9744
SigLIP-2 Base,Zero-Shot,Original,dog,1.0,1.0,1.0,1.0
SigLIP-2 Base,Zero-Shot,Original,rectangle,1.0,0.5042,1.0,0.6704
SigLIP-2 Base,Zero-Shot,Original,square,0.0167,1.0,0.0167,0.0328
SigLIP-2 Base,Zero-Shot,Original,table,0.9833,0.9833,0.9833,0.9833
SigLIP-2 Base,Zero-Shot,Original,triangle,1.0,0.9836,1.0,0.9917
SigLIP-2 Base,Zero-Shot,Outline,car,0.9667,0.9667,0.9667,0.9667
SigLIP-2 Base,Zero-Shot,Outline,cat,0.8833,0.8413,0.8833,0.8618
SigLIP-2 Base,Zero-Shot,Outline,chair,1.0,0.9524,1.0,0.9756
SigLIP-2 Base,Zero-Shot,Outline,circle,0.8667,0.8667,0.8667,0.8667
SigLIP-2 Base,Zero-Shot,Outline,cup,0.4667,0.9655,0.4667,0.6292
SigLIP-2 Base,Zero-Shot,Outline,dog,0.75,0.8182,0.75,0.7826
SigLIP-2 Base,Zero-Shot,Outline,rectangle,1.0,0.5085,1.0,0.6742
SigLIP-2 Base,Zero-Shot,Outline,square,0.4667,0.6829,0.4667,0.5545
SigLIP-2 Base,Zero-Shot,Outline,table,0.9667,1.0,0.9667,0.9831
SigLIP-2 Base,Zero-Shot,Outline,triangle,0.85,0.9623,0.85,0.9027
SigLIP-2 Base,Zero-Shot,Dotted,car,0.9667,0.9667,0.9667,0.9667
SigLIP-2 Base,Zero-Shot,Dotted,cat,0.6333,0.7917,0.6333,0.7037
SigLIP-2 Base,Zero-Shot,Dotted,chair,0.9833,0.9833,0.9833,0.9833
SigLIP-2 Base,Zero-Shot,Dotted,circle,0.8667,0.9123,0.8667,0.8889
SigLIP-2 Base,Zero-Shot,Dotted,cup,0.5,0.9091,0.5,0.6452
SigLIP-2 Base,Zero-Shot,Dotted,dog,0.5667,0.7083,0.5667,0.6296
SigLIP-2 Base,Zero-Shot,Dotted,rectangle,0.9833,0.602,0.9833,0.7468
SigLIP-2 Base,Zero-Shot,Dotted,square,0.8667,0.6753,0.8667,0.7591
SigLIP-2 Base,Zero-Shot,Dotted,table,0.9333,0.8485,0.9333,0.8889
SigLIP-2 Base,Zero-Shot,Dotted,triangle,0.85,0.9623,0.85,0.9027
SigLIP-2 Base,Zero-Shot,Dashed,car,0.9667,0.9667,0.9667,0.9667
SigLIP-2 Base,Zero-Shot,Dashed,cat,0.9167,0.7432,0.9167,0.8209
SigLIP-2 Base,Zero-Shot,Dashed,chair,1.0,0.9524,1.0,0.9756
SigLIP-2 Base,Zero-Shot,Dashed,circle,0.8667,0.963,0.8667,0.9123
SigLIP-2 Base,Zero-Shot,Dashed,cup,0.5333,0.9143,0.5333,0.6737
SigLIP-2 Base,Zero-Shot,Dashed,dog,0.6333,0.8261,0.6333,0.717
SigLIP-2 Base,Zero-Shot,Dashed,rectangle,0.9667,0.58,0.9667,0.725
SigLIP-2 Base,Zero-Shot,Dashed,square,0.7333,0.8,0.7333,0.7652
SigLIP-2 Base,Zero-Shot,Dashed,table,0.95,0.9344,0.95,0.9421
SigLIP-2 Base,Zero-Shot,Dashed,triangle,0.85,0.9808,0.85,0.9107
SigLIP-2 Base,Zero-Shot,Sketch,car,0.9833,0.9516,0.9833,0.9672
SigLIP-2 Base,Zero-Shot,Sketch,cat,0.8333,0.9434,0.8333,0.885
SigLIP-2 Base,Zero-Shot,Sketch,chair,1.0,1.0,1.0,1.0
SigLIP-2 Base,Zero-Shot,Sketch,circle,1.0,0.8571,1.0,0.9231
SigLIP-2 Base,Zero-Shot,Sketch,cup,0.6833,0.9535,0.6833,0.7961
SigLIP-2 Base,Zero-Shot,Sketch,dog,0.7333,0.9565,0.7333,0.8302
SigLIP-2 Base,Zero-Shot,Sketch,rectangle,0.9833,0.4646,0.9833,0.631
SigLIP-2 Base,Zero-Shot,Sketch,square,0.0167,0.0588,0.0167,0.026
SigLIP-2 Base,Zero-Shot,Sketch,table,0.9667,0.9508,0.9667,0.9587
SigLIP-2 Base,Zero-Shot,Sketch,triangle,1.0,0.9836,1.0,0.9917
SigLIP-2 Base,Zero-Shot,Silhouette,car,0.9167,0.9649,0.9167,0.9402
SigLIP-2 Base,Zero-Shot,Silhouette,cat,0.3167,0.76,0.3167,0.4471
SigLIP-2 Base,Zero-Shot,Silhouette,chair,0.9667,0.8788,0.9667,0.9206
SigLIP-2 Base,Zero-Shot,Silhouette,circle,1.0,0.8696,1.0,0.9302
SigLIP-2 Base,Zero-Shot,Silhouette,cup,0.4833,0.8788,0.4833,0.6237
SigLIP-2 Base,Zero-Shot,Silhouette,dog,0.4,0.6,0.4,0.48
SigLIP-2 Base,Zero-Shot,Silhouette,rectangle,0.95,0.6264,0.95,0.755
SigLIP-2 Base,Zero-Shot,Silhouette,square,0.7667,0.4423,0.7667,0.561
SigLIP-2 Base,Zero-Shot,Silhouette,table,0.8167,0.9074,0.8167,0.8596
SigLIP-2 Base,Zero-Shot,Silhouette,triangle,1.0,0.9836,1.0,0.9917
SigLIP-2 Base,Zero-Shot,ColorTint_Red,car,1.0,1.0,1.0,1.0
SigLIP-2 Base,Zero-Shot,ColorTint_Red,cat,0.9833,1.0,0.9833,0.9916
SigLIP-2 Base,Zero-Shot,ColorTint_Red,chair,1.0,1.0,1.0,1.0
SigLIP-2 Base,Zero-Shot,ColorTint_Red,circle,1.0,0.9677,1.0,0.9836
SigLIP-2 Base,Zero-Shot,ColorTint_Red,cup,0.9167,1.0,0.9167,0.9565
SigLIP-2 Base,Zero-Shot,ColorTint_Red,dog,1.0,0.9836,1.0,0.9917
SigLIP-2 Base,Zero-Shot,ColorTint_Red,rectangle,1.0,0.7059,1.0,0.8276
SigLIP-2 Base,Zero-Shot,ColorTint_Red,square,0.5833,1.0,0.5833,0.7368
SigLIP-2 Base,Zero-Shot,ColorTint_Red,table,1.0,0.9524,1.0,0.9756
SigLIP-2 Base,Zero-Shot,ColorTint_Red,triangle,1.0,1.0,1.0,1.0
SigLIP-2 Base,Zero-Shot,ColorTint_Green,car,1.0,1.0,1.0,1.0
SigLIP-2 Base,Zero-Shot,ColorTint_Green,cat,0.9833,1.0,0.9833,0.9916
SigLIP-2 Base,Zero-Shot,ColorTint_Green,chair,1.0,0.9836,1.0,0.9917
SigLIP-2 Base,Zero-Shot,ColorTint_Green,circle,1.0,0.9375,1.0,0.9677
SigLIP-2 Base,Zero-Shot,ColorTint_Green,cup,0.9,1.0,0.9,0.9474
SigLIP-2 Base,Zero-Shot,ColorTint_Green,dog,1.0,1.0,1.0,1.0
SigLIP-2 Base,Zero-Shot,ColorTint_Green,rectangle,1.0,0.7229,1.0,0.8392
SigLIP-2 Base,Zero-Shot,ColorTint_Green,square,0.6167,1.0,0.6167,0.7629
SigLIP-2 Base,Zero-Shot,ColorTint_Green,table,0.9833,0.9516,0.9833,0.9672
SigLIP-2 Base,Zero-Shot,ColorTint_Green,triangle,1.0,1.0,1.0,1.0
SigLIP-2 Base,Zero-Shot,ColorTint_Blue,car,1.0,1.0,1.0,1.0
SigLIP-2 Base,Zero-Shot,ColorTint_Blue,cat,0.9833,1.0,0.9833,0.9916
SigLIP-2 Base,Zero-Shot,ColorTint_Blue,chair,1.0,0.9836,1.0,0.9917
SigLIP-2 Base,Zero-Shot,ColorTint_Blue,circle,1.0,0.9677,1.0,0.9836
SigLIP-2 Base,Zero-Shot,ColorTint_Blue,cup,0.8667,1.0,0.8667,0.9286
SigLIP-2 Base,Zero-Shot,ColorTint_Blue,dog,1.0,1.0,1.0,1.0
SigLIP-2 Base,Zero-Shot,ColorTint_Blue,rectangle,1.0,0.7317,1.0,0.8451
SigLIP-2 Base,Zero-Shot,ColorTint_Blue,square,0.6333,0.95,0.6333,0.76
SigLIP-2 Base,Zero-Shot,ColorTint_Blue,table,0.9833,0.9365,0.9833,0.9593
SigLIP-2 Base,Zero-Shot,ColorTint_Blue,triangle,1.0,0.9836,1.0,0.9917
